Case ID,Activity,Timestamp,Resource,Loan type,Amount,Channel,Region,Outcome
L0001,Submit application,2025-02-17 09:00:00,Dana,Auto,19400.00,Broker,West,Approved
L0001,Check completeness,2025-02-17 16:32:00,Chen,Auto,19400.00,Broker,West,Approved
L0001,Assess credit,2025-02-17 22:13:00,Farah,Auto,19400.00,Broker,West,Approved
L0001,Approve application,2025-02-18 05:30:00,Farah,Auto,19400.00,Broker,West,Approved
L0001,Send offer,2025-02-18 12:09:00,Ana,Auto,19400.00,Broker,West,Approved
L0001,Sign contract,2025-02-24 20:55:00,Dana,Auto,19400.00,Broker,West,Approved
L0002,Submit application,2025-05-22 14:00:00,Chen,Business,71500.00,Broker,East,Rejected
L0002,Check completeness,2025-05-22 18:26:00,Dana,Business,71500.00,Broker,East,Rejected
L0002,Request documents,2025-05-22 23:38:00,Dana,Business,71500.00,Broker,East,Rejected
L0002,Receive documents,2025-05-28 12:09:00,Ana,Business,71500.00,Broker,East,Rejected
L0002,Assess credit,2025-05-30 10:16:00,Eli,Business,71500.00,Broker,East,Rejected
L0002,Manual review,2025-06-01 17:03:00,Gil,Business,71500.00,Broker,East,Rejected
L0002,Reject application,2025-06-01 23:47:00,Farah,Business,71500.00,Broker,East,Rejected
L0003,Submit application,2025-06-09 08:00:00,Portal,Auto,11900.00,Online,West,Approved
L0003,Check completeness,2025-06-10 04:18:00,Chen,Auto,11900.00,Online,West,Approved
L0003,Request documents,2025-06-10 07:11:00,Dana,Auto,11900.00,Online,West,Approved
L0003,Receive documents,2025-06-12 12:45:00,Chen,Auto,11900.00,Online,West,Approved
L0003,Assess credit,2025-06-13 00:51:00,Farah,Auto,11900.00,Online,West,Approved
L0003,Approve application,2025-06-13 14:16:00,Eli,Auto,11900.00,Online,West,Approved
L0003,Send offer,2025-06-13 19:50:00,Ben,Auto,11900.00,Online,West,Approved
L0003,Sign contract,2025-06-16 15:24:00,Chen,Auto,11900.00,Online,West,Approved
L0004,Submit application,2025-03-25 08:00:00,Ana,Mortgage,353000.00,Branch,North,Approved
L0004,Check completeness,2025-03-25 21:23:00,Ben,Mortgage,353000.00,Branch,North,Approved
L0004,Assess credit,2025-03-26 11:36:00,Farah,Mortgage,353000.00,Branch,North,Approved
L0004,Manual review,2025-03-28 19:04:00,Gil,Mortgage,353000.00,Branch,North,Approved
L0004,Approve application,2025-03-29 09:38:00,Farah,Mortgage,353000.00,Branch,North,Approved
L0004,Send offer,2025-03-29 13:40:00,Chen,Mortgage,353000.00,Branch,North,Approved
L0004,Sign contract,2025-04-02 16:19:00,Ben,Mortgage,353000.00,Branch,North,Approved
L0005,Submit application,2025-03-15 13:00:00,Dana,Business,64100.00,Broker,South,Rejected
L0005,Check completeness,2025-03-15 18:04:00,Ben,Business,64100.00,Broker,South,Rejected
L0005,Reject application,2025-03-15 21:00:00,Ben,Business,64100.00,Broker,South,Rejected
L0006,Submit application,2025-02-18 14:00:00,Ben,Personal,18400.00,Broker,West,Rejected
L0006,Check completeness,2025-02-19 04:56:00,Chen,Personal,18400.00,Broker,West,Rejected
L0006,Request documents,2025-02-19 10:31:00,Dana,Personal,18400.00,Broker,West,Rejected
L0006,Receive documents,2025-02-28 00:52:00,Ana,Personal,18400.00,Broker,West,Rejected
L0006,Request documents,2025-02-28 03:22:00,Dana,Personal,18400.00,Broker,West,Rejected
L0006,Receive documents,2025-03-05 07:45:00,Ana,Personal,18400.00,Broker,West,Rejected
L0006,Assess credit,2025-03-06 08:09:00,Farah,Personal,18400.00,Broker,West,Rejected
L0006,Reject application,2025-03-06 15:50:00,Farah,Personal,18400.00,Broker,West,Rejected
L0007,Submit application,2025-02-24 13:00:00,Dana,Mortgage,345600.00,Broker,South,Rejected
L0007,Check completeness,2025-02-24 15:57:00,Ana,Mortgage,345600.00,Broker,South,Rejected
L0007,Request documents,2025-02-24 20:13:00,Dana,Mortgage,345600.00,Broker,South,Rejected
L0007,Receive documents,2025-03-06 01:52:00,Ana,Mortgage,345600.00,Broker,South,Rejected
L0007,Assess credit,2025-03-06 17:39:00,Farah,Mortgage,345600.00,Broker,South,Rejected
L0007,Manual review,2025-03-08 10:40:00,Gil,Mortgage,345600.00,Broker,South,Rejected
L0007,Reject application,2025-03-08 22:26:00,Farah,Mortgage,345600.00,Broker,South,Rejected
L0008,Submit application,2025-05-02 16:00:00,Ben,Auto,29200.00,Branch,West,Approved
L0008,Check completeness,2025-05-03 14:51:00,Ana,Auto,29200.00,Branch,West,Approved
L0008,Assess credit,2025-05-04 22:16:00,Farah,Auto,29200.00,Branch,West,Approved
L0008,Approve application,2025-05-05 10:16:00,Eli,Auto,29200.00,Branch,West,Approved
L0008,Send offer,2025-05-05 13:06:00,Dana,Auto,29200.00,Branch,West,Approved
L0008,Sign contract,2025-05-11 20:16:00,Ana,Auto,29200.00,Branch,West,Approved
L0009,Submit application,2025-06-19 11:00:00,Ben,Personal,7900.00,Branch,West,Approved
L0009,Check completeness,2025-06-20 01:26:00,Ana,Personal,7900.00,Branch,West,Approved
L0009,Request documents,2025-06-20 03:13:00,Ana,Personal,7900.00,Branch,West,Approved
L0009,Receive documents,2025-06-21 14:31:00,Dana,Personal,7900.00,Branch,West,Approved
L0009,Assess credit,2025-06-22 06:50:00,Farah,Personal,7900.00,Branch,West,Approved
L0009,Approve application,2025-06-23 02:45:00,Farah,Personal,7900.00,Branch,West,Approved
L0009,Send offer,2025-06-23 05:44:00,Dana,Personal,7900.00,Branch,West,Approved
L0009,Sign contract,2025-06-26 15:56:00,Chen,Personal,7900.00,Branch,West,Approved
L0010,Submit application,2025-05-14 15:00:00,Portal,Business,121800.00,Online,North,Rejected
L0010,Check completeness,2025-05-14 23:34:00,Dana,Business,121800.00,Online,North,Rejected
L0010,Request documents,2025-05-15 03:51:00,Ben,Business,121800.00,Online,North,Rejected
L0010,Receive documents,2025-05-19 03:05:00,Ana,Business,121800.00,Online,North,Rejected
L0010,Assess credit,2025-05-20 08:51:00,Farah,Business,121800.00,Online,North,Rejected
L0010,Manual review,2025-05-22 15:04:00,Gil,Business,121800.00,Online,North,Rejected
L0010,Reject application,2025-05-23 18:40:00,Farah,Business,121800.00,Online,North,Rejected
L0011,Submit application,2025-06-28 12:00:00,Portal,Auto,37400.00,Online,West,Approved
L0011,Check completeness,2025-06-28 16:57:00,Dana,Auto,37400.00,Online,West,Approved
L0011,Assess credit,2025-06-30 12:47:00,Farah,Auto,37400.00,Online,West,Approved
L0011,Approve application,2025-07-01 00:03:00,Eli,Auto,37400.00,Online,West,Approved
L0011,Send offer,2025-07-01 03:55:00,Chen,Auto,37400.00,Online,West,Approved
L0011,Sign contract,2025-07-04 09:21:00,Dana,Auto,37400.00,Online,West,Approved
L0012,Submit application,2025-01-09 08:00:00,Ana,Personal,12500.00,Branch,East,Approved
L0012,Check completeness,2025-01-09 11:49:00,Ben,Personal,12500.00,Branch,East,Approved
L0012,Assess credit,2025-01-10 23:16:00,Eli,Personal,12500.00,Branch,East,Approved
L0012,Approve application,2025-01-11 10:49:00,Eli,Personal,12500.00,Branch,East,Approved
L0012,Send offer,2025-01-11 17:50:00,Chen,Personal,12500.00,Branch,East,Approved
L0012,Sign contract,2025-01-17 17:31:00,Ben,Personal,12500.00,Branch,East,Approved
L0013,Submit application,2025-05-18 15:00:00,Dana,Auto,20600.00,Broker,West,Rejected
L0013,Check completeness,2025-05-19 09:07:00,Dana,Auto,20600.00,Broker,West,Rejected
L0013,Request documents,2025-05-19 12:11:00,Ana,Auto,20600.00,Broker,West,Rejected
L0013,Receive documents,2025-05-25 12:06:00,Chen,Auto,20600.00,Broker,West,Rejected
L0013,Request documents,2025-05-25 13:57:00,Chen,Auto,20600.00,Broker,West,Rejected
L0013,Receive documents,2025-05-31 20:56:00,Chen,Auto,20600.00,Broker,West,Rejected
L0013,Request documents,2025-06-01 02:17:00,Chen,Auto,20600.00,Broker,West,Rejected
L0013,Receive documents,2025-06-08 08:27:00,Ben,Auto,20600.00,Broker,West,Rejected
L0013,Assess credit,2025-06-09 15:15:00,Farah,Auto,20600.00,Broker,West,Rejected
L0013,Reject application,2025-06-09 20:41:00,Farah,Auto,20600.00,Broker,West,Rejected
L0014,Submit application,2025-02-01 08:00:00,Ana,Personal,19700.00,Branch,West,Approved
L0014,Check completeness,2025-02-02 07:03:00,Dana,Personal,19700.00,Branch,West,Approved
L0014,Assess credit,2025-02-03 21:12:00,Eli,Personal,19700.00,Branch,West,Approved
L0014,Approve application,2025-02-04 21:09:00,Farah,Personal,19700.00,Branch,West,Approved
L0014,Send offer,2025-02-04 23:01:00,Ben,Personal,19700.00,Branch,West,Approved
L0014,Sign contract,2025-02-11 10:30:00,Ana,Personal,19700.00,Branch,West,Approved
L0015,Submit application,2025-06-27 12:00:00,Chen,Mortgage,256700.00,Branch,North,Approved
L0015,Check completeness,2025-06-28 02:10:00,Ana,Mortgage,256700.00,Branch,North,Approved
L0015,Request documents,2025-06-28 04:31:00,Ana,Mortgage,256700.00,Branch,North,Approved
L0015,Receive documents,2025-06-29 06:22:00,Dana,Mortgage,256700.00,Branch,North,Approved
L0015,Assess credit,2025-06-29 20:39:00,Farah,Mortgage,256700.00,Branch,North,Approved
L0015,Manual review,2025-07-01 00:34:00,Gil,Mortgage,256700.00,Branch,North,Approved
L0015,Approve application,2025-07-01 09:16:00,Eli,Mortgage,256700.00,Branch,North,Approved
L0015,Send offer,2025-07-01 13:52:00,Dana,Mortgage,256700.00,Branch,North,Approved
L0015,Sign contract,2025-07-06 15:33:00,Dana,Mortgage,256700.00,Branch,North,Approved
L0016,Submit application,2025-03-03 16:00:00,Dana,Mortgage,136800.00,Broker,North,Approved
L0016,Check completeness,2025-03-04 08:55:00,Dana,Mortgage,136800.00,Broker,North,Approved
L0016,Request documents,2025-03-04 13:47:00,Ben,Mortgage,136800.00,Broker,North,Approved
L0016,Receive documents,2025-03-08 01:27:00,Ana,Mortgage,136800.00,Broker,North,Approved
L0016,Assess credit,2025-03-08 09:31:00,Farah,Mortgage,136800.00,Broker,North,Approved
L0016,Manual review,2025-03-10 15:33:00,Gil,Mortgage,136800.00,Broker,North,Approved
L0016,Approve application,2025-03-11 07:51:00,Farah,Mortgage,136800.00,Broker,North,Approved
L0016,Send offer,2025-03-11 12:01:00,Dana,Mortgage,136800.00,Broker,North,Approved
L0016,Sign contract,2025-03-15 00:53:00,Ana,Mortgage,136800.00,Broker,North,Approved
L0017,Submit application,2025-05-21 10:00:00,Portal,Auto,29400.00,Online,West,Approved
L0017,Check completeness,2025-05-21 14:28:00,Chen,Auto,29400.00,Online,West,Approved
L0017,Assess credit,2025-05-23 12:41:00,Farah,Auto,29400.00,Online,West,Approved
L0017,Approve application,2025-05-24 10:28:00,Eli,Auto,29400.00,Online,West,Approved
L0017,Send offer,2025-05-24 12:58:00,Dana,Auto,29400.00,Online,West,Approved
L0017,Sign contract,2025-05-28 23:10:00,Chen,Auto,29400.00,Online,West,Approved
L0018,Submit application,2025-05-02 08:00:00,Ana,Personal,3600.00,Branch,West,Approved
L0018,Check completeness,2025-05-02 19:29:00,Ana,Personal,3600.00,Branch,West,Approved
L0018,Assess credit,2025-05-03 02:29:00,Eli,Personal,3600.00,Branch,West,Approved
L0018,Approve application,2025-05-03 16:25:00,Eli,Personal,3600.00,Branch,West,Approved
L0018,Send offer,2025-05-03 20:20:00,Ben,Personal,3600.00,Branch,West,Approved
L0018,Sign contract,2025-05-08 18:21:00,Ben,Personal,3600.00,Branch,West,Approved
L0019,Submit application,2025-06-10 15:00:00,Chen,Auto,16800.00,Branch,North,Approved
L0019,Check completeness,2025-06-11 03:05:00,Ben,Auto,16800.00,Branch,North,Approved
L0019,Assess credit,2025-06-11 19:41:00,Farah,Auto,16800.00,Branch,North,Approved
L0019,Approve application,2025-06-12 14:20:00,Eli,Auto,16800.00,Branch,North,Approved
L0019,Send offer,2025-06-12 20:32:00,Ben,Auto,16800.00,Branch,North,Approved
L0019,Sign contract,2025-06-18 14:35:00,Dana,Auto,16800.00,Branch,North,Approved
L0020,Submit application,2025-04-15 09:00:00,Portal,Auto,24100.00,Online,West,Approved
L0020,Check completeness,2025-04-16 06:53:00,Dana,Auto,24100.00,Online,West,Approved
L0020,Assess credit,2025-04-16 16:30:00,Eli,Auto,24100.00,Online,West,Approved
L0020,Approve application,2025-04-17 14:53:00,Eli,Auto,24100.00,Online,West,Approved
L0020,Send offer,2025-04-17 22:06:00,Dana,Auto,24100.00,Online,West,Approved
L0020,Sign contract,2025-04-19 18:48:00,Chen,Auto,24100.00,Online,West,Approved
L0021,Submit application,2025-03-08 14:00:00,Portal,Personal,9100.00,Online,North,Approved
L0021,Check completeness,2025-03-09 04:23:00,Chen,Personal,9100.00,Online,North,Approved
L0021,Assess credit,2025-03-11 03:57:00,Farah,Personal,9100.00,Online,North,Approved
L0021,Approve application,2025-03-11 18:47:00,Farah,Personal,9100.00,Online,North,Approved
L0021,Send offer,2025-03-12 01:51:00,Ana,Personal,9100.00,Online,North,Approved
L0021,Sign contract,2025-03-18 03:25:00,Dana,Personal,9100.00,Online,North,Approved
L0022,Submit application,2025-02-18 08:00:00,Portal,Personal,4600.00,Online,East,Approved
L0022,Check completeness,2025-02-18 22:31:00,Ana,Personal,4600.00,Online,East,Approved
L0022,Assess credit,2025-02-20 00:19:00,Eli,Personal,4600.00,Online,East,Approved
L0022,Approve application,2025-02-20 16:03:00,Eli,Personal,4600.00,Online,East,Approved
L0022,Send offer,2025-02-20 21:19:00,Ana,Personal,4600.00,Online,East,Approved
L0022,Sign contract,2025-02-22 01:20:00,Ana,Personal,4600.00,Online,East,Approved
L0023,Submit application,2025-01-12 14:00:00,Portal,Business,33400.00,Online,East,Approved
L0023,Check completeness,2025-01-12 19:23:00,Ben,Business,33400.00,Online,East,Approved
L0023,Assess credit,2025-01-14 06:19:00,Eli,Business,33400.00,Online,East,Approved
L0023,Approve application,2025-01-14 14:30:00,Farah,Business,33400.00,Online,East,Approved
L0023,Send offer,2025-01-14 19:16:00,Dana,Business,33400.00,Online,East,Approved
L0023,Sign contract,2025-01-19 02:39:00,Dana,Business,33400.00,Online,East,Approved
L0024,Submit application,2025-02-27 08:00:00,Chen,Personal,3700.00,Broker,East,Rejected
L0024,Check completeness,2025-02-27 15:17:00,Dana,Personal,3700.00,Broker,East,Rejected
L0024,Reject application,2025-02-27 23:11:00,Dana,Personal,3700.00,Broker,East,Rejected
L0025,Submit application,2025-05-04 09:00:00,Portal,Personal,11300.00,Online,East,Approved
L0025,Check completeness,2025-05-04 19:46:00,Chen,Personal,11300.00,Online,East,Approved
L0025,Assess credit,2025-05-05 05:03:00,Eli,Personal,11300.00,Online,East,Approved
L0025,Approve application,2025-05-05 20:00:00,Eli,Personal,11300.00,Online,East,Approved
L0025,Send offer,2025-05-06 02:12:00,Chen,Personal,11300.00,Online,East,Approved
L0025,Sign contract,2025-05-10 09:57:00,Ben,Personal,11300.00,Online,East,Approved
L0026,Submit application,2025-06-06 13:00:00,Portal,Mortgage,98400.00,Online,East,Approved
L0026,Check completeness,2025-06-07 09:23:00,Ana,Mortgage,98400.00,Online,East,Approved
L0026,Assess credit,2025-06-08 20:35:00,Eli,Mortgage,98400.00,Online,East,Approved
L0026,Manual review,2025-06-11 06:20:00,Gil,Mortgage,98400.00,Online,East,Approved
L0026,Approve application,2025-06-11 12:06:00,Farah,Mortgage,98400.00,Online,East,Approved
L0026,Send offer,2025-06-11 20:04:00,Ana,Mortgage,98400.00,Online,East,Approved
L0026,Sign contract,2025-06-14 04:13:00,Chen,Mortgage,98400.00,Online,East,Approved
L0027,Submit application,2025-06-18 16:00:00,Portal,Business,32500.00,Online,East,Rejected
L0027,Check completeness,2025-06-18 22:20:00,Ben,Business,32500.00,Online,East,Rejected
L0027,Reject application,2025-06-19 04:12:00,Ana,Business,32500.00,Online,East,Rejected
L0028,Submit application,2025-02-04 10:00:00,Portal,Auto,26700.00,Online,South,Approved
L0028,Check completeness,2025-02-04 21:34:00,Ana,Auto,26700.00,Online,South,Approved
L0028,Assess credit,2025-02-06 21:16:00,Farah,Auto,26700.00,Online,South,Approved
L0028,Approve application,2025-02-07 09:19:00,Farah,Auto,26700.00,Online,South,Approved
L0028,Send offer,2025-02-07 13:01:00,Chen,Auto,26700.00,Online,South,Approved
L0028,Sign contract,2025-02-10 00:53:00,Dana,Auto,26700.00,Online,South,Approved
L0029,Submit application,2025-03-30 15:00:00,Dana,Auto,39300.00,Branch,North,Approved
L0029,Check completeness,2025-03-31 13:28:00,Chen,Auto,39300.00,Branch,North,Approved
L0029,Request documents,2025-03-31 15:12:00,Chen,Auto,39300.00,Branch,North,Approved
L0029,Receive documents,2025-04-01 18:46:00,Ana,Auto,39300.00,Branch,North,Approved
L0029,Assess credit,2025-04-03 10:02:00,Eli,Auto,39300.00,Branch,North,Approved
L0029,Approve application,2025-04-04 04:33:00,Eli,Auto,39300.00,Branch,North,Approved
L0029,Send offer,2025-04-04 05:51:00,Chen,Auto,39300.00,Branch,North,Approved
L0029,Sign contract,2025-04-08 09:36:00,Ben,Auto,39300.00,Branch,North,Approved
L0030,Submit application,2025-03-04 16:00:00,Portal,Auto,18500.00,Online,South,Rejected
L0030,Check completeness,2025-03-05 13:59:00,Dana,Auto,18500.00,Online,South,Rejected
L0030,Request documents,2025-03-05 15:55:00,Chen,Auto,18500.00,Online,South,Rejected
L0030,Receive documents,2025-03-14 03:36:00,Dana,Auto,18500.00,Online,South,Rejected
L0030,Assess credit,2025-03-15 02:05:00,Farah,Auto,18500.00,Online,South,Rejected
L0030,Reject application,2025-03-16 04:41:00,Farah,Auto,18500.00,Online,South,Rejected
L0031,Submit application,2025-06-14 13:00:00,Chen,Auto,11100.00,Branch,South,Approved
L0031,Check completeness,2025-06-15 07:07:00,Dana,Auto,11100.00,Branch,South,Approved
L0031,Assess credit,2025-06-17 05:44:00,Eli,Auto,11100.00,Branch,South,Approved
L0031,Approve application,2025-06-17 15:16:00,Farah,Auto,11100.00,Branch,South,Approved
L0031,Send offer,2025-06-17 22:18:00,Ben,Auto,11100.00,Branch,South,Approved
L0031,Sign contract,2025-06-23 01:22:00,Chen,Auto,11100.00,Branch,South,Approved
L0032,Submit application,2025-01-30 09:00:00,Portal,Personal,3400.00,Online,West,Rejected
L0032,Check completeness,2025-01-30 22:53:00,Ana,Personal,3400.00,Online,West,Rejected
L0032,Request documents,2025-01-31 01:28:00,Ana,Personal,3400.00,Online,West,Rejected
L0032,Receive documents,2025-02-06 00:07:00,Chen,Personal,3400.00,Online,West,Rejected
L0032,Request documents,2025-02-06 02:11:00,Ana,Personal,3400.00,Online,West,Rejected
L0032,Receive documents,2025-02-11 04:28:00,Dana,Personal,3400.00,Online,West,Rejected
L0032,Request documents,2025-02-11 10:03:00,Chen,Personal,3400.00,Online,West,Rejected
L0032,Receive documents,2025-02-15 16:35:00,Chen,Personal,3400.00,Online,West,Rejected
L0032,Assess credit,2025-02-17 15:53:00,Farah,Personal,3400.00,Online,West,Rejected
L0032,Reject application,2025-02-18 14:20:00,Eli,Personal,3400.00,Online,West,Rejected
L0033,Submit application,2025-03-30 13:00:00,Portal,Business,51900.00,Online,South,Approved
L0033,Check completeness,2025-03-31 02:56:00,Dana,Business,51900.00,Online,South,Approved
L0033,Request documents,2025-03-31 04:21:00,Ana,Business,51900.00,Online,South,Approved
L0033,Receive documents,2025-04-03 10:45:00,Dana,Business,51900.00,Online,South,Approved
L0033,Assess credit,2025-04-04 21:01:00,Eli,Business,51900.00,Online,South,Approved
L0033,Manual review,2025-04-07 09:07:00,Gil,Business,51900.00,Online,South,Approved
L0033,Approve application,2025-04-07 17:21:00,Eli,Business,51900.00,Online,South,Approved
L0033,Send offer,2025-04-07 22:21:00,Chen,Business,51900.00,Online,South,Approved
L0033,Sign contract,2025-04-14 05:05:00,Chen,Business,51900.00,Online,South,Approved
L0034,Submit application,2025-01-15 10:00:00,Chen,Mortgage,135000.00,Branch,North,Approved
L0034,Check completeness,2025-01-15 18:44:00,Ben,Mortgage,135000.00,Branch,North,Approved
L0034,Assess credit,2025-01-16 12:17:00,Eli,Mortgage,135000.00,Branch,North,Approved
L0034,Manual review,2025-01-19 01:52:00,Gil,Mortgage,135000.00,Branch,North,Approved
L0034,Approve application,2025-01-19 20:56:00,Farah,Mortgage,135000.00,Branch,North,Approved
L0034,Send offer,2025-01-20 01:03:00,Chen,Mortgage,135000.00,Branch,North,Approved
L0034,Sign contract,2025-01-22 13:16:00,Ben,Mortgage,135000.00,Branch,North,Approved
L0035,Submit application,2025-03-14 10:00:00,Chen,Mortgage,146000.00,Branch,North,Approved
L0035,Check completeness,2025-03-14 12:59:00,Ben,Mortgage,146000.00,Branch,North,Approved
L0035,Assess credit,2025-03-16 08:58:00,Farah,Mortgage,146000.00,Branch,North,Approved
L0035,Manual review,2025-03-17 21:44:00,Gil,Mortgage,146000.00,Branch,North,Approved
L0035,Approve application,2025-03-18 05:49:00,Farah,Mortgage,146000.00,Branch,North,Approved
L0035,Send offer,2025-03-18 13:16:00,Ana,Mortgage,146000.00,Branch,North,Approved
L0035,Sign contract,2025-03-25 08:47:00,Ben,Mortgage,146000.00,Branch,North,Approved
L0036,Submit application,2025-04-15 14:00:00,Chen,Mortgage,85400.00,Broker,South,Rejected
L0036,Check completeness,2025-04-16 13:34:00,Ana,Mortgage,85400.00,Broker,South,Rejected
L0036,Request documents,2025-04-16 19:28:00,Ana,Mortgage,85400.00,Broker,South,Rejected
L0036,Receive documents,2025-04-19 21:26:00,Chen,Mortgage,85400.00,Broker,South,Rejected
L0036,Assess credit,2025-04-21 14:52:00,Eli,Mortgage,85400.00,Broker,South,Rejected
L0036,Manual review,2025-04-23 03:53:00,Gil,Mortgage,85400.00,Broker,South,Rejected
L0036,Reject application,2025-04-24 01:21:00,Farah,Mortgage,85400.00,Broker,South,Rejected
L0037,Submit application,2025-04-02 13:00:00,Ben,Business,45800.00,Branch,North,Approved
L0037,Check completeness,2025-04-03 06:38:00,Chen,Business,45800.00,Branch,North,Approved
L0037,Assess credit,2025-04-03 23:07:00,Farah,Business,45800.00,Branch,North,Approved
L0037,Approve application,2025-04-04 15:38:00,Eli,Business,45800.00,Branch,North,Approved
L0037,Send offer,2025-04-04 21:25:00,Dana,Business,45800.00,Branch,North,Approved
L0037,Sign contract,2025-04-07 09:47:00,Ana,Business,45800.00,Branch,North,Approved
L0038,Submit application,2025-03-31 11:00:00,Portal,Business,46300.00,Online,East,Approved
L0038,Check completeness,2025-04-01 08:07:00,Ben,Business,46300.00,Online,East,Approved
L0038,Assess credit,2025-04-02 09:23:00,Farah,Business,46300.00,Online,East,Approved
L0038,Approve application,2025-04-03 00:34:00,Farah,Business,46300.00,Online,East,Approved
L0038,Send offer,2025-04-03 06:23:00,Chen,Business,46300.00,Online,East,Approved
L0038,Sign contract,2025-04-04 07:48:00,Ben,Business,46300.00,Online,East,Approved
L0039,Submit application,2025-05-20 12:00:00,Ana,Auto,13200.00,Broker,North,Rejected
L0039,Check completeness,2025-05-21 07:23:00,Dana,Auto,13200.00,Broker,North,Rejected
L0039,Request documents,2025-05-21 10:19:00,Chen,Auto,13200.00,Broker,North,Rejected
L0039,Receive documents,2025-05-28 09:11:00,Ben,Auto,13200.00,Broker,North,Rejected
L0039,Assess credit,2025-05-29 23:11:00,Eli,Auto,13200.00,Broker,North,Rejected
L0039,Reject application,2025-05-31 13:09:00,Eli,Auto,13200.00,Broker,North,Rejected
L0040,Submit application,2025-01-27 10:00:00,Chen,Auto,8300.00,Broker,North,Approved
L0040,Check completeness,2025-01-28 04:31:00,Chen,Auto,8300.00,Broker,North,Approved
L0040,Request documents,2025-01-28 08:24:00,Ana,Auto,8300.00,Broker,North,Approved
L0040,Receive documents,2025-01-30 15:12:00,Chen,Auto,8300.00,Broker,North,Approved
L0040,Assess credit,2025-01-31 19:55:00,Farah,Auto,8300.00,Broker,North,Approved
L0040,Approve application,2025-02-01 16:40:00,Eli,Auto,8300.00,Broker,North,Approved
L0040,Send offer,2025-02-01 18:12:00,Ana,Auto,8300.00,Broker,North,Approved
L0040,Sign contract,2025-02-04 06:32:00,Ben,Auto,8300.00,Broker,North,Approved
L0041,Submit application,2025-04-01 12:00:00,Ana,Mortgage,325000.00,Branch,North,Approved
L0041,Check completeness,2025-04-02 06:04:00,Ana,Mortgage,325000.00,Branch,North,Approved
L0041,Assess credit,2025-04-02 12:28:00,Eli,Mortgage,325000.00,Branch,North,Approved
L0041,Manual review,2025-04-04 07:19:00,Gil,Mortgage,325000.00,Branch,North,Approved
L0041,Approve application,2025-04-05 00:34:00,Farah,Mortgage,325000.00,Branch,North,Approved
L0041,Send offer,2025-04-05 01:54:00,Dana,Mortgage,325000.00,Branch,North,Approved
L0041,Sign contract,2025-04-10 01:16:00,Ben,Mortgage,325000.00,Branch,North,Approved
L0042,Submit application,2025-05-19 09:00:00,Chen,Personal,17800.00,Broker,West,Rejected
L0042,Check completeness,2025-05-19 19:33:00,Ben,Personal,17800.00,Broker,West,Rejected
L0042,Reject application,2025-05-20 00:36:00,Ben,Personal,17800.00,Broker,West,Rejected
L0043,Submit application,2025-01-10 12:00:00,Portal,Mortgage,131100.00,Online,West,Approved
L0043,Check completeness,2025-01-10 17:31:00,Chen,Mortgage,131100.00,Online,West,Approved
L0043,Assess credit,2025-01-12 13:08:00,Farah,Mortgage,131100.00,Online,West,Approved
L0043,Manual review,2025-01-15 00:33:00,Gil,Mortgage,131100.00,Online,West,Approved
L0043,Approve application,2025-01-15 16:29:00,Farah,Mortgage,131100.00,Online,West,Approved
L0043,Send offer,2025-01-15 23:54:00,Dana,Mortgage,131100.00,Online,West,Approved
L0043,Sign contract,2025-01-21 12:55:00,Ben,Mortgage,131100.00,Online,West,Approved
L0044,Submit application,2025-04-06 10:00:00,Portal,Mortgage,308200.00,Online,North,Rejected
L0044,Check completeness,2025-04-06 18:28:00,Ana,Mortgage,308200.00,Online,North,Rejected
L0044,Assess credit,2025-04-07 11:16:00,Farah,Mortgage,308200.00,Online,North,Rejected
L0044,Manual review,2025-04-10 08:05:00,Gil,Mortgage,308200.00,Online,North,Rejected
L0044,Reject application,2025-04-12 07:46:00,Eli,Mortgage,308200.00,Online,North,Rejected
L0045,Submit application,2025-02-07 14:00:00,Dana,Auto,10600.00,Branch,South,Approved
L0045,Check completeness,2025-02-07 23:48:00,Ana,Auto,10600.00,Branch,South,Approved
L0045,Assess credit,2025-02-08 19:59:00,Farah,Auto,10600.00,Branch,South,Approved
L0045,Approve application,2025-02-09 19:36:00,Farah,Auto,10600.00,Branch,South,Approved
L0045,Send offer,2025-02-09 23:33:00,Ana,Auto,10600.00,Branch,South,Approved
L0045,Sign contract,2025-02-13 20:47:00,Dana,Auto,10600.00,Branch,South,Approved
L0046,Submit application,2025-02-27 11:00:00,Portal,Auto,34600.00,Online,West,Approved
L0046,Check completeness,2025-02-27 21:26:00,Dana,Auto,34600.00,Online,West,Approved
L0046,Assess credit,2025-02-28 19:22:00,Eli,Auto,34600.00,Online,West,Approved
L0046,Approve application,2025-03-01 02:20:00,Farah,Auto,34600.00,Online,West,Approved
L0046,Send offer,2025-03-01 08:18:00,Dana,Auto,34600.00,Online,West,Approved
L0046,Sign contract,2025-03-05 17:14:00,Dana,Auto,34600.00,Online,West,Approved
L0047,Submit application,2025-02-02 14:00:00,Portal,Personal,8900.00,Online,West,Rejected
L0047,Check completeness,2025-02-02 17:54:00,Chen,Personal,8900.00,Online,West,Rejected
L0047,Reject application,2025-02-02 22:49:00,Chen,Personal,8900.00,Online,West,Rejected
L0048,Submit application,2025-05-24 13:00:00,Portal,Personal,18300.00,Online,South,Rejected
L0048,Check completeness,2025-05-25 12:40:00,Ben,Personal,18300.00,Online,South,Rejected
L0048,Request documents,2025-05-25 18:08:00,Ben,Personal,18300.00,Online,South,Rejected
L0048,Receive documents,2025-06-02 02:37:00,Ben,Personal,18300.00,Online,South,Rejected
L0048,Request documents,2025-06-02 04:40:00,Dana,Personal,18300.00,Online,South,Rejected
L0048,Receive documents,2025-06-11 23:15:00,Ana,Personal,18300.00,Online,South,Rejected
L0048,Request documents,2025-06-12 02:20:00,Ben,Personal,18300.00,Online,South,Rejected
L0048,Receive documents,2025-06-19 17:05:00,Dana,Personal,18300.00,Online,South,Rejected
L0048,Assess credit,2025-06-21 14:39:00,Eli,Personal,18300.00,Online,South,Rejected
L0048,Reject application,2025-06-22 16:16:00,Eli,Personal,18300.00,Online,South,Rejected
L0049,Submit application,2025-06-06 13:00:00,Portal,Personal,18300.00,Online,East,Approved
L0049,Check completeness,2025-06-06 16:43:00,Ben,Personal,18300.00,Online,East,Approved
L0049,Assess credit,2025-06-08 10:20:00,Farah,Personal,18300.00,Online,East,Approved
L0049,Approve application,2025-06-09 01:41:00,Eli,Personal,18300.00,Online,East,Approved
L0049,Send offer,2025-06-09 05:36:00,Ben,Personal,18300.00,Online,East,Approved
L0049,Sign contract,2025-06-10 06:17:00,Chen,Personal,18300.00,Online,East,Approved
L0050,Submit application,2025-05-15 10:00:00,Chen,Mortgage,162800.00,Branch,West,Approved
L0050,Check completeness,2025-05-15 18:05:00,Chen,Mortgage,162800.00,Branch,West,Approved
L0050,Assess credit,2025-05-17 15:21:00,Eli,Mortgage,162800.00,Branch,West,Approved
L0050,Manual review,2025-05-18 23:57:00,Gil,Mortgage,162800.00,Branch,West,Approved
L0050,Approve application,2025-05-19 22:07:00,Farah,Mortgage,162800.00,Branch,West,Approved
L0050,Send offer,2025-05-20 05:29:00,Chen,Mortgage,162800.00,Branch,West,Approved
L0050,Sign contract,2025-05-24 12:07:00,Dana,Mortgage,162800.00,Branch,West,Approved
L0051,Submit application,2025-03-17 10:00:00,Ana,Personal,9600.00,Branch,North,Approved
L0051,Check completeness,2025-03-17 19:53:00,Dana,Personal,9600.00,Branch,North,Approved
L0051,Request documents,2025-03-17 23:08:00,Ana,Personal,9600.00,Branch,North,Approved
L0051,Receive documents,2025-03-19 02:03:00,Ana,Personal,9600.00,Branch,North,Approved
L0051,Assess credit,2025-03-20 23:12:00,Eli,Personal,9600.00,Branch,North,Approved
L0051,Approve application,2025-03-21 11:08:00,Farah,Personal,9600.00,Branch,North,Approved
L0051,Send offer,2025-03-21 13:01:00,Ana,Personal,9600.00,Branch,North,Approved
L0051,Sign contract,2025-03-24 00:59:00,Ana,Personal,9600.00,Branch,North,Approved
L0052,Submit application,2025-01-17 15:00:00,Ana,Personal,7200.00,Branch,East,Approved
L0052,Check completeness,2025-01-18 03:08:00,Dana,Personal,7200.00,Branch,East,Approved
L0052,Assess credit,2025-01-19 06:13:00,Farah,Personal,7200.00,Branch,East,Approved
L0052,Approve application,2025-01-20 04:45:00,Eli,Personal,7200.00,Branch,East,Approved
L0052,Send offer,2025-01-20 06:22:00,Ana,Personal,7200.00,Branch,East,Approved
L0052,Sign contract,2025-01-26 23:51:00,Ben,Personal,7200.00,Branch,East,Approved
L0053,Submit application,2025-02-19 14:00:00,Portal,Business,122000.00,Online,South,Approved
L0053,Check completeness,2025-02-19 16:57:00,Dana,Business,122000.00,Online,South,Approved
L0053,Assess credit,2025-02-21 14:33:00,Farah,Business,122000.00,Online,South,Approved
L0053,Manual review,2025-02-23 11:09:00,Gil,Business,122000.00,Online,South,Approved
L0053,Approve application,2025-02-24 02:40:00,Eli,Business,122000.00,Online,South,Approved
L0053,Send offer,2025-02-24 10:32:00,Ben,Business,122000.00,Online,South,Approved
L0053,Sign contract,2025-02-26 02:22:00,Ana,Business,122000.00,Online,South,Approved
L0054,Submit application,2025-03-24 14:00:00,Ben,Auto,25900.00,Branch,North,Approved
L0054,Check completeness,2025-03-25 01:43:00,Chen,Auto,25900.00,Branch,North,Approved
L0054,Assess credit,2025-03-26 08:57:00,Farah,Auto,25900.00,Branch,North,Approved
L0054,Approve application,2025-03-27 00:31:00,Eli,Auto,25900.00,Branch,North,Approved
L0054,Send offer,2025-03-27 07:25:00,Chen,Auto,25900.00,Branch,North,Approved
L0054,Sign contract,2025-03-28 20:33:00,Chen,Auto,25900.00,Branch,North,Approved
L0055,Submit application,2025-05-24 08:00:00,Portal,Personal,6100.00,Online,East,Rejected
L0055,Check completeness,2025-05-25 05:16:00,Ben,Personal,6100.00,Online,East,Rejected
L0055,Reject application,2025-05-25 08:29:00,Chen,Personal,6100.00,Online,East,Rejected
L0056,Submit application,2025-04-15 08:00:00,Portal,Personal,19100.00,Online,South,Rejected
L0056,Check completeness,2025-04-15 21:01:00,Dana,Personal,19100.00,Online,South,Rejected
L0056,Reject application,2025-04-16 03:44:00,Ben,Personal,19100.00,Online,South,Rejected
L0057,Submit application,2025-02-26 12:00:00,Portal,Mortgage,302200.00,Online,North,Approved
L0057,Check completeness,2025-02-26 17:50:00,Ben,Mortgage,302200.00,Online,North,Approved
L0057,Request documents,2025-02-26 21:40:00,Dana,Mortgage,302200.00,Online,North,Approved
L0057,Receive documents,2025-03-02 03:01:00,Ana,Mortgage,302200.00,Online,North,Approved
L0057,Assess credit,2025-03-03 11:05:00,Eli,Mortgage,302200.00,Online,North,Approved
L0057,Manual review,2025-03-06 01:25:00,Gil,Mortgage,302200.00,Online,North,Approved
L0057,Approve application,2025-03-06 17:36:00,Eli,Mortgage,302200.00,Online,North,Approved
L0057,Send offer,2025-03-06 23:39:00,Dana,Mortgage,302200.00,Online,North,Approved
L0057,Sign contract,2025-03-09 10:26:00,Dana,Mortgage,302200.00,Online,North,Approved
L0058,Submit application,2025-03-29 15:00:00,Chen,Personal,2800.00,Branch,East,Approved
L0058,Check completeness,2025-03-30 03:51:00,Dana,Personal,2800.00,Branch,East,Approved
L0058,Assess credit,2025-03-30 22:41:00,Farah,Personal,2800.00,Branch,East,Approved
L0058,Approve application,2025-03-31 02:51:00,Eli,Personal,2800.00,Branch,East,Approved
L0058,Send offer,2025-03-31 04:13:00,Dana,Personal,2800.00,Branch,East,Approved
L0058,Sign contract,2025-04-05 12:59:00,Ben,Personal,2800.00,Branch,East,Approved
L0059,Submit application,2025-01-16 16:00:00,Portal,Auto,37600.00,Online,North,Approved
L0059,Check completeness,2025-01-17 11:50:00,Ben,Auto,37600.00,Online,North,Approved
L0059,Assess credit,2025-01-19 02:24:00,Farah,Auto,37600.00,Online,North,Approved
L0059,Approve application,2025-01-20 01:45:00,Eli,Auto,37600.00,Online,North,Approved
L0059,Send offer,2025-01-20 04:54:00,Dana,Auto,37600.00,Online,North,Approved
L0059,Sign contract,2025-01-22 01:27:00,Dana,Auto,37600.00,Online,North,Approved
L0060,Submit application,2025-05-01 12:00:00,Ben,Mortgage,332700.00,Broker,South,Rejected
L0060,Check completeness,2025-05-02 06:22:00,Ben,Mortgage,332700.00,Broker,South,Rejected
L0060,Request documents,2025-05-02 10:25:00,Ana,Mortgage,332700.00,Broker,South,Rejected
L0060,Receive documents,2025-05-08 10:31:00,Chen,Mortgage,332700.00,Broker,South,Rejected
L0060,Assess credit,2025-05-08 14:34:00,Eli,Mortgage,332700.00,Broker,South,Rejected
L0060,Manual review,2025-05-10 05:33:00,Gil,Mortgage,332700.00,Broker,South,Rejected
L0060,Reject application,2025-05-10 12:30:00,Eli,Mortgage,332700.00,Broker,South,Rejected
L0061,Submit application,2025-04-27 12:00:00,Portal,Business,100000.00,Online,East,Rejected
L0061,Check completeness,2025-04-28 04:57:00,Ben,Business,100000.00,Online,East,Rejected
L0061,Request documents,2025-04-28 06:05:00,Chen,Business,100000.00,Online,East,Rejected
L0061,Receive documents,2025-05-02 02:17:00,Chen,Business,100000.00,Online,East,Rejected
L0061,Request documents,2025-05-02 05:41:00,Dana,Business,100000.00,Online,East,Rejected
L0061,Receive documents,2025-05-08 21:28:00,Ben,Business,100000.00,Online,East,Rejected
L0061,Assess credit,2025-05-09 08:08:00,Farah,Business,100000.00,Online,East,Rejected
L0061,Manual review,2025-05-10 16:06:00,Gil,Business,100000.00,Online,East,Rejected
L0061,Reject application,2025-05-12 00:02:00,Eli,Business,100000.00,Online,East,Rejected
L0062,Submit application,2025-05-17 13:00:00,Portal,Personal,8900.00,Online,West,Approved
L0062,Check completeness,2025-05-18 12:19:00,Ana,Personal,8900.00,Online,West,Approved
L0062,Assess credit,2025-05-19 07:09:00,Eli,Personal,8900.00,Online,West,Approved
L0062,Approve application,2025-05-19 16:56:00,Farah,Personal,8900.00,Online,West,Approved
L0062,Send offer,2025-05-19 22:07:00,Ana,Personal,8900.00,Online,West,Approved
L0062,Sign contract,2025-05-26 04:52:00,Ana,Personal,8900.00,Online,West,Approved
L0063,Submit application,2025-06-25 16:00:00,Ben,Personal,4800.00,Branch,East,Approved
L0063,Check completeness,2025-06-26 15:15:00,Ana,Personal,4800.00,Branch,East,Approved
L0063,Assess credit,2025-06-27 11:18:00,Farah,Personal,4800.00,Branch,East,Approved
L0063,Approve application,2025-06-28 01:12:00,Eli,Personal,4800.00,Branch,East,Approved
L0063,Send offer,2025-06-28 08:31:00,Ben,Personal,4800.00,Branch,East,Approved
L0063,Sign contract,2025-07-02 06:54:00,Dana,Personal,4800.00,Branch,East,Approved
L0064,Submit application,2025-03-01 13:00:00,Portal,Business,139500.00,Online,West,Approved
L0064,Check completeness,2025-03-02 01:58:00,Ana,Business,139500.00,Online,West,Approved
L0064,Request documents,2025-03-02 06:38:00,Chen,Business,139500.00,Online,West,Approved
L0064,Receive documents,2025-03-04 22:05:00,Ben,Business,139500.00,Online,West,Approved
L0064,Assess credit,2025-03-05 17:45:00,Eli,Business,139500.00,Online,West,Approved
L0064,Manual review,2025-03-07 23:34:00,Gil,Business,139500.00,Online,West,Approved
L0064,Approve application,2025-03-08 06:59:00,Eli,Business,139500.00,Online,West,Approved
L0064,Send offer,2025-03-08 12:41:00,Ben,Business,139500.00,Online,West,Approved
L0064,Sign contract,2025-03-13 10:05:00,Ana,Business,139500.00,Online,West,Approved
L0065,Submit application,2025-01-23 13:00:00,Ana,Personal,16100.00,Branch,West,Approved
L0065,Check completeness,2025-01-24 06:15:00,Chen,Personal,16100.00,Branch,West,Approved
L0065,Assess credit,2025-01-25 12:27:00,Farah,Personal,16100.00,Branch,West,Approved
L0065,Approve application,2025-01-25 17:21:00,Farah,Personal,16100.00,Branch,West,Approved
L0065,Send offer,2025-01-26 00:34:00,Ana,Personal,16100.00,Branch,West,Approved
L0065,Sign contract,2025-01-27 09:54:00,Dana,Personal,16100.00,Branch,West,Approved
L0066,Submit application,2025-01-17 14:00:00,Dana,Mortgage,116700.00,Branch,East,Rejected
L0066,Check completeness,2025-01-17 19:21:00,Ana,Mortgage,116700.00,Branch,East,Rejected
L0066,Reject application,2025-01-17 23:07:00,Ben,Mortgage,116700.00,Branch,East,Rejected
L0067,Submit application,2025-05-22 16:00:00,Ana,Personal,5800.00,Branch,North,Approved
L0067,Check completeness,2025-05-23 04:25:00,Dana,Personal,5800.00,Branch,North,Approved
L0067,Request documents,2025-05-23 06:24:00,Dana,Personal,5800.00,Branch,North,Approved
L0067,Receive documents,2025-05-27 01:10:00,Ben,Personal,5800.00,Branch,North,Approved
L0067,Assess credit,2025-05-28 16:26:00,Eli,Personal,5800.00,Branch,North,Approved
L0067,Approve application,2025-05-29 10:04:00,Eli,Personal,5800.00,Branch,North,Approved
L0067,Send offer,2025-05-29 17:30:00,Ben,Personal,5800.00,Branch,North,Approved
L0067,Sign contract,2025-06-02 22:48:00,Chen,Personal,5800.00,Branch,North,Approved
L0068,Submit application,2025-01-13 16:00:00,Portal,Auto,16500.00,Online,North,Approved
L0068,Check completeness,2025-01-14 12:55:00,Chen,Auto,16500.00,Online,North,Approved
L0068,Request documents,2025-01-14 15:16:00,Ben,Auto,16500.00,Online,North,Approved
L0068,Receive documents,2025-01-17 06:21:00,Dana,Auto,16500.00,Online,North,Approved
L0068,Assess credit,2025-01-18 06:22:00,Eli,Auto,16500.00,Online,North,Approved
L0068,Approve application,2025-01-19 00:29:00,Eli,Auto,16500.00,Online,North,Approved
L0068,Send offer,2025-01-19 02:32:00,Chen,Auto,16500.00,Online,North,Approved
L0068,Sign contract,2025-01-23 11:50:00,Dana,Auto,16500.00,Online,North,Approved
L0069,Submit application,2025-06-25 14:00:00,Portal,Personal,2300.00,Online,South,Approved
L0069,Check completeness,2025-06-25 19:51:00,Chen,Personal,2300.00,Online,South,Approved
L0069,Assess credit,2025-06-26 00:40:00,Farah,Personal,2300.00,Online,South,Approved
L0069,Approve application,2025-06-26 13:16:00,Farah,Personal,2300.00,Online,South,Approved
L0069,Send offer,2025-06-26 18:39:00,Chen,Personal,2300.00,Online,South,Approved
L0069,Sign contract,2025-07-03 09:06:00,Dana,Personal,2300.00,Online,South,Approved
L0070,Submit application,2025-05-12 10:00:00,Portal,Personal,9100.00,Online,North,Approved
L0070,Check completeness,2025-05-13 05:08:00,Ana,Personal,9100.00,Online,North,Approved
L0070,Assess credit,2025-05-13 11:40:00,Farah,Personal,9100.00,Online,North,Approved
L0070,Approve application,2025-05-13 22:39:00,Farah,Personal,9100.00,Online,North,Approved
L0070,Send offer,2025-05-14 04:49:00,Chen,Personal,9100.00,Online,North,Approved
L0070,Sign contract,2025-05-19 20:48:00,Ana,Personal,9100.00,Online,North,Approved
L0071,Submit application,2025-04-16 11:00:00,Ana,Business,34900.00,Branch,North,Rejected
L0071,Check completeness,2025-04-17 02:14:00,Ana,Business,34900.00,Branch,North,Rejected
L0071,Reject application,2025-04-17 06:50:00,Chen,Business,34900.00,Branch,North,Rejected
L0072,Submit application,2025-06-02 08:00:00,Ben,Business,140200.00,Broker,East,Rejected
L0072,Check completeness,2025-06-02 10:29:00,Chen,Business,140200.00,Broker,East,Rejected
L0072,Request documents,2025-06-02 12:47:00,Ana,Business,140200.00,Broker,East,Rejected
L0072,Receive documents,2025-06-08 13:13:00,Chen,Business,140200.00,Broker,East,Rejected
L0072,Assess credit,2025-06-09 09:59:00,Eli,Business,140200.00,Broker,East,Rejected
L0072,Manual review,2025-06-11 09:03:00,Gil,Business,140200.00,Broker,East,Rejected
L0072,Reject application,2025-06-11 23:19:00,Farah,Business,140200.00,Broker,East,Rejected
L0073,Submit application,2025-05-16 09:00:00,Ben,Auto,15100.00,Broker,North,Approved
L0073,Check completeness,2025-05-17 04:03:00,Chen,Auto,15100.00,Broker,North,Approved
L0073,Assess credit,2025-05-17 13:21:00,Eli,Auto,15100.00,Broker,North,Approved
L0073,Approve application,2025-05-18 05:54:00,Farah,Auto,15100.00,Broker,North,Approved
L0073,Send offer,2025-05-18 07:02:00,Ben,Auto,15100.00,Broker,North,Approved
L0073,Sign contract,2025-05-23 20:04:00,Dana,Auto,15100.00,Broker,North,Approved
L0074,Submit application,2025-05-30 12:00:00,Portal,Personal,13800.00,Online,East,Approved
L0074,Check completeness,2025-05-30 18:39:00,Chen,Personal,13800.00,Online,East,Approved
L0074,Assess credit,2025-06-01 10:01:00,Eli,Personal,13800.00,Online,East,Approved
L0074,Approve application,2025-06-02 09:12:00,Eli,Personal,13800.00,Online,East,Approved
L0074,Send offer,2025-06-02 14:45:00,Dana,Personal,13800.00,Online,East,Approved
L0074,Sign contract,2025-06-04 07:09:00,Ben,Personal,13800.00,Online,East,Approved
L0075,Submit application,2025-02-16 10:00:00,Dana,Personal,3300.00,Broker,North,Approved
L0075,Check completeness,2025-02-16 20:24:00,Ben,Personal,3300.00,Broker,North,Approved
L0075,Assess credit,2025-02-18 12:36:00,Eli,Personal,3300.00,Broker,North,Approved
L0075,Approve application,2025-02-19 10:13:00,Eli,Personal,3300.00,Broker,North,Approved
L0075,Send offer,2025-02-19 15:25:00,Dana,Personal,3300.00,Broker,North,Approved
L0075,Sign contract,2025-02-22 07:35:00,Ben,Personal,3300.00,Broker,North,Approved
L0076,Submit application,2025-03-09 15:00:00,Ben,Mortgage,323300.00,Broker,South,Rejected
L0076,Check completeness,2025-03-10 13:21:00,Chen,Mortgage,323300.00,Broker,South,Rejected
L0076,Request documents,2025-03-10 15:35:00,Ben,Mortgage,323300.00,Broker,South,Rejected
L0076,Receive documents,2025-03-19 07:37:00,Dana,Mortgage,323300.00,Broker,South,Rejected
L0076,Assess credit,2025-03-20 15:14:00,Eli,Mortgage,323300.00,Broker,South,Rejected
L0076,Manual review,2025-03-22 18:17:00,Gil,Mortgage,323300.00,Broker,South,Rejected
L0076,Reject application,2025-03-24 10:49:00,Farah,Mortgage,323300.00,Broker,South,Rejected
L0077,Submit application,2025-02-14 09:00:00,Dana,Personal,17100.00,Branch,East,Approved
L0077,Check completeness,2025-02-15 06:48:00,Ben,Personal,17100.00,Branch,East,Approved
L0077,Assess credit,2025-02-15 15:43:00,Farah,Personal,17100.00,Branch,East,Approved
L0077,Approve application,2025-02-16 11:52:00,Eli,Personal,17100.00,Branch,East,Approved
L0077,Send offer,2025-02-16 14:37:00,Ana,Personal,17100.00,Branch,East,Approved
L0077,Sign contract,2025-02-21 01:23:00,Ben,Personal,17100.00,Branch,East,Approved
L0078,Submit application,2025-04-17 15:00:00,Portal,Mortgage,243400.00,Online,South,Rejected
L0078,Check completeness,2025-04-18 10:43:00,Chen,Mortgage,243400.00,Online,South,Rejected
L0078,Reject application,2025-04-18 18:00:00,Ben,Mortgage,243400.00,Online,South,Rejected
L0079,Submit application,2025-02-03 11:00:00,Ben,Mortgage,83500.00,Broker,East,Approved
L0079,Check completeness,2025-02-04 02:17:00,Ben,Mortgage,83500.00,Broker,East,Approved
L0079,Assess credit,2025-02-05 03:30:00,Farah,Mortgage,83500.00,Broker,East,Approved
L0079,Manual review,2025-02-06 16:21:00,Gil,Mortgage,83500.00,Broker,East,Approved
L0079,Approve application,2025-02-06 21:40:00,Farah,Mortgage,83500.00,Broker,East,Approved
L0079,Send offer,2025-02-06 22:54:00,Ben,Mortgage,83500.00,Broker,East,Approved
L0079,Sign contract,2025-02-12 08:14:00,Ben,Mortgage,83500.00,Broker,East,Approved
L0080,Submit application,2025-02-14 12:00:00,Ben,Personal,10800.00,Broker,East,Rejected
L0080,Check completeness,2025-02-14 17:42:00,Chen,Personal,10800.00,Broker,East,Rejected
L0080,Request documents,2025-02-14 20:29:00,Ben,Personal,10800.00,Broker,East,Rejected
L0080,Receive documents,2025-02-23 17:07:00,Ben,Personal,10800.00,Broker,East,Rejected
L0080,Request documents,2025-02-23 20:09:00,Chen,Personal,10800.00,Broker,East,Rejected
L0080,Receive documents,2025-03-03 01:21:00,Ben,Personal,10800.00,Broker,East,Rejected
L0080,Assess credit,2025-03-04 08:35:00,Eli,Personal,10800.00,Broker,East,Rejected
L0080,Reject application,2025-03-06 04:51:00,Farah,Personal,10800.00,Broker,East,Rejected
L0081,Submit application,2025-06-16 14:00:00,Portal,Personal,2600.00,Online,South,Rejected
L0081,Check completeness,2025-06-17 12:27:00,Ana,Personal,2600.00,Online,South,Rejected
L0081,Reject application,2025-06-17 16:20:00,Chen,Personal,2600.00,Online,South,Rejected
L0082,Submit application,2025-05-15 13:00:00,Portal,Personal,16300.00,Online,South,Approved
L0082,Check completeness,2025-05-16 04:18:00,Ana,Personal,16300.00,Online,South,Approved
L0082,Assess credit,2025-05-17 05:27:00,Eli,Personal,16300.00,Online,South,Approved
L0082,Approve application,2025-05-18 04:34:00,Eli,Personal,16300.00,Online,South,Approved
L0082,Send offer,2025-05-18 10:13:00,Ana,Personal,16300.00,Online,South,Approved
L0082,Sign contract,2025-05-24 08:26:00,Chen,Personal,16300.00,Online,South,Approved
L0083,Submit application,2025-05-19 16:00:00,Portal,Auto,20800.00,Online,East,Approved
L0083,Check completeness,2025-05-20 07:23:00,Ben,Auto,20800.00,Online,East,Approved
L0083,Assess credit,2025-05-21 06:36:00,Eli,Auto,20800.00,Online,East,Approved
L0083,Approve application,2025-05-21 23:36:00,Farah,Auto,20800.00,Online,East,Approved
L0083,Send offer,2025-05-22 01:14:00,Chen,Auto,20800.00,Online,East,Approved
L0083,Sign contract,2025-05-25 22:05:00,Ana,Auto,20800.00,Online,East,Approved
L0084,Submit application,2025-04-30 14:00:00,Ana,Auto,18100.00,Branch,North,Rejected
L0084,Check completeness,2025-05-01 07:46:00,Ben,Auto,18100.00,Branch,North,Rejected
L0084,Assess credit,2025-05-02 07:43:00,Eli,Auto,18100.00,Branch,North,Rejected
L0084,Reject application,2025-05-03 09:12:00,Farah,Auto,18100.00,Branch,North,Rejected
L0085,Submit application,2025-01-13 14:00:00,Portal,Business,125700.00,Online,South,Approved
L0085,Check completeness,2025-01-14 04:22:00,Chen,Business,125700.00,Online,South,Approved
L0085,Request documents,2025-01-14 07:48:00,Ben,Business,125700.00,Online,South,Approved
L0085,Receive documents,2025-01-16 17:38:00,Ana,Business,125700.00,Online,South,Approved
L0085,Assess credit,2025-01-17 02:10:00,Farah,Business,125700.00,Online,South,Approved
L0085,Manual review,2025-01-18 05:31:00,Gil,Business,125700.00,Online,South,Approved
L0085,Approve application,2025-01-18 20:10:00,Farah,Business,125700.00,Online,South,Approved
L0085,Send offer,2025-01-19 00:51:00,Ana,Business,125700.00,Online,South,Approved
L0085,Sign contract,2025-01-25 01:59:00,Dana,Business,125700.00,Online,South,Approved
L0086,Submit application,2025-05-04 09:00:00,Chen,Personal,12300.00,Broker,South,Rejected
L0086,Check completeness,2025-05-05 02:11:00,Chen,Personal,12300.00,Broker,South,Rejected
L0086,Request documents,2025-05-05 03:53:00,Chen,Personal,12300.00,Broker,South,Rejected
L0086,Receive documents,2025-05-10 22:22:00,Chen,Personal,12300.00,Broker,South,Rejected
L0086,Assess credit,2025-05-11 12:08:00,Eli,Personal,12300.00,Broker,South,Rejected
L0086,Reject application,2025-05-12 05:09:00,Farah,Personal,12300.00,Broker,South,Rejected
L0087,Submit application,2025-03-01 12:00:00,Ben,Personal,18300.00,Branch,West,Approved
L0087,Check completeness,2025-03-02 07:18:00,Dana,Personal,18300.00,Branch,West,Approved
L0087,Request documents,2025-03-02 08:40:00,Dana,Personal,18300.00,Branch,West,Approved
L0087,Receive documents,2025-03-05 03:27:00,Ben,Personal,18300.00,Branch,West,Approved
L0087,Assess credit,2025-03-05 17:16:00,Farah,Personal,18300.00,Branch,West,Approved
L0087,Approve application,2025-03-05 22:42:00,Farah,Personal,18300.00,Branch,West,Approved
L0087,Send offer,2025-03-06 01:11:00,Dana,Personal,18300.00,Branch,West,Approved
L0087,Sign contract,2025-03-09 23:26:00,Dana,Personal,18300.00,Branch,West,Approved
L0088,Submit application,2025-05-21 10:00:00,Ana,Business,118400.00,Broker,West,Approved
L0088,Check completeness,2025-05-21 16:08:00,Dana,Business,118400.00,Broker,West,Approved
L0088,Assess credit,2025-05-21 20:15:00,Eli,Business,118400.00,Broker,West,Approved
L0088,Manual review,2025-05-23 00:25:00,Gil,Business,118400.00,Broker,West,Approved
L0088,Approve application,2025-05-23 22:44:00,Eli,Business,118400.00,Broker,West,Approved
L0088,Send offer,2025-05-24 04:44:00,Ana,Business,118400.00,Broker,West,Approved
L0088,Sign contract,2025-05-28 13:33:00,Ben,Business,118400.00,Broker,West,Approved
L0089,Submit application,2025-03-13 09:00:00,Portal,Auto,9600.00,Online,South,Rejected
L0089,Check completeness,2025-03-13 16:33:00,Dana,Auto,9600.00,Online,South,Rejected
L0089,Request documents,2025-03-13 17:54:00,Dana,Auto,9600.00,Online,South,Rejected
L0089,Receive documents,2025-03-19 02:10:00,Dana,Auto,9600.00,Online,South,Rejected
L0089,Assess credit,2025-03-20 09:23:00,Farah,Auto,9600.00,Online,South,Rejected
L0089,Reject application,2025-03-22 05:15:00,Farah,Auto,9600.00,Online,South,Rejected
L0090,Submit application,2025-06-10 09:00:00,Chen,Personal,12000.00,Branch,East,Approved
L0090,Check completeness,2025-06-11 05:55:00,Ana,Personal,12000.00,Branch,East,Approved
L0090,Request documents,2025-06-11 10:10:00,Dana,Personal,12000.00,Branch,East,Approved
L0090,Receive documents,2025-06-14 00:12:00,Ben,Personal,12000.00,Branch,East,Approved
L0090,Assess credit,2025-06-14 21:00:00,Farah,Personal,12000.00,Branch,East,Approved
L0090,Approve application,2025-06-15 05:38:00,Eli,Personal,12000.00,Branch,East,Approved
L0090,Send offer,2025-06-15 06:54:00,Ben,Personal,12000.00,Branch,East,Approved
L0090,Sign contract,2025-06-17 10:26:00,Ben,Personal,12000.00,Branch,East,Approved
L0091,Submit application,2025-04-23 13:00:00,Portal,Personal,2100.00,Online,South,Approved
L0091,Check completeness,2025-04-24 11:47:00,Dana,Personal,2100.00,Online,South,Approved
L0091,Request documents,2025-04-24 13:52:00,Dana,Personal,2100.00,Online,South,Approved
L0091,Receive documents,2025-04-27 08:10:00,Chen,Personal,2100.00,Online,South,Approved
L0091,Assess credit,2025-04-27 20:40:00,Eli,Personal,2100.00,Online,South,Approved
L0091,Approve application,2025-04-28 17:02:00,Eli,Personal,2100.00,Online,South,Approved
L0091,Send offer,2025-04-28 19:14:00,Dana,Personal,2100.00,Online,South,Approved
L0091,Sign contract,2025-04-30 20:32:00,Ben,Personal,2100.00,Online,South,Approved
L0092,Submit application,2025-04-12 11:00:00,Chen,Business,128100.00,Broker,North,Rejected
L0092,Check completeness,2025-04-12 21:10:00,Chen,Business,128100.00,Broker,North,Rejected
L0092,Assess credit,2025-04-14 00:13:00,Farah,Business,128100.00,Broker,North,Rejected
L0092,Manual review,2025-04-16 20:26:00,Gil,Business,128100.00,Broker,North,Rejected
L0092,Reject application,2025-04-18 08:38:00,Farah,Business,128100.00,Broker,North,Rejected
L0093,Submit application,2025-02-16 15:00:00,Ana,Mortgage,237900.00,Branch,West,Approved
L0093,Check completeness,2025-02-16 19:42:00,Ana,Mortgage,237900.00,Branch,West,Approved
L0093,Assess credit,2025-02-17 18:51:00,Farah,Mortgage,237900.00,Branch,West,Approved
L0093,Manual review,2025-02-18 19:42:00,Gil,Mortgage,237900.00,Branch,West,Approved
L0093,Approve application,2025-02-19 16:05:00,Farah,Mortgage,237900.00,Branch,West,Approved
L0093,Send offer,2025-02-19 20:30:00,Ana,Mortgage,237900.00,Branch,West,Approved
L0093,Sign contract,2025-02-22 21:56:00,Ana,Mortgage,237900.00,Branch,West,Approved
L0094,Submit application,2025-01-06 16:00:00,Ben,Mortgage,221700.00,Branch,West,Approved
L0094,Check completeness,2025-01-06 19:48:00,Chen,Mortgage,221700.00,Branch,West,Approved
L0094,Assess credit,2025-01-07 21:53:00,Farah,Mortgage,221700.00,Branch,West,Approved
L0094,Manual review,2025-01-09 23:40:00,Gil,Mortgage,221700.00,Branch,West,Approved
L0094,Approve application,2025-01-10 04:44:00,Eli,Mortgage,221700.00,Branch,West,Approved
L0094,Send offer,2025-01-10 06:15:00,Ana,Mortgage,221700.00,Branch,West,Approved
L0094,Sign contract,2025-01-11 08:17:00,Ana,Mortgage,221700.00,Branch,West,Approved
L0095,Submit application,2025-06-12 16:00:00,Portal,Auto,36900.00,Online,West,Approved
L0095,Check completeness,2025-06-13 14:25:00,Dana,Auto,36900.00,Online,West,Approved
L0095,Assess credit,2025-06-13 21:43:00,Eli,Auto,36900.00,Online,West,Approved
L0095,Approve application,2025-06-14 19:40:00,Eli,Auto,36900.00,Online,West,Approved
L0095,Send offer,2025-06-15 01:25:00,Dana,Auto,36900.00,Online,West,Approved
L0095,Sign contract,2025-06-20 15:05:00,Ben,Auto,36900.00,Online,West,Approved
L0096,Submit application,2025-01-15 08:00:00,Chen,Business,121500.00,Branch,South,Approved
L0096,Check completeness,2025-01-16 01:51:00,Ana,Business,121500.00,Branch,South,Approved
L0096,Assess credit,2025-01-17 21:25:00,Eli,Business,121500.00,Branch,South,Approved
L0096,Manual review,2025-01-19 19:53:00,Gil,Business,121500.00,Branch,South,Approved
L0096,Approve application,2025-01-20 16:27:00,Eli,Business,121500.00,Branch,South,Approved
L0096,Send offer,2025-01-20 18:57:00,Chen,Business,121500.00,Branch,South,Approved
L0096,Sign contract,2025-01-27 13:31:00,Dana,Business,121500.00,Branch,South,Approved
L0097,Submit application,2025-03-28 08:00:00,Portal,Personal,2600.00,Online,West,Approved
L0097,Check completeness,2025-03-28 18:19:00,Ana,Personal,2600.00,Online,West,Approved
L0097,Assess credit,2025-03-29 13:43:00,Eli,Personal,2600.00,Online,West,Approved
L0097,Approve application,2025-03-30 13:33:00,Farah,Personal,2600.00,Online,West,Approved
L0097,Send offer,2025-03-30 20:32:00,Chen,Personal,2600.00,Online,West,Approved
L0097,Sign contract,2025-04-04 10:39:00,Chen,Personal,2600.00,Online,West,Approved
L0098,Submit application,2025-02-15 15:00:00,Ben,Personal,8500.00,Branch,North,Approved
L0098,Check completeness,2025-02-16 00:17:00,Dana,Personal,8500.00,Branch,North,Approved
L0098,Assess credit,2025-02-17 21:32:00,Eli,Personal,8500.00,Branch,North,Approved
L0098,Approve application,2025-02-18 19:55:00,Farah,Personal,8500.00,Branch,North,Approved
L0098,Send offer,2025-02-19 00:31:00,Chen,Personal,8500.00,Branch,North,Approved
L0098,Sign contract,2025-02-21 04:01:00,Chen,Personal,8500.00,Branch,North,Approved
L0099,Submit application,2025-02-20 13:00:00,Portal,Personal,16900.00,Online,East,Approved
L0099,Check completeness,2025-02-21 02:51:00,Chen,Personal,16900.00,Online,East,Approved
L0099,Assess credit,2025-02-21 10:08:00,Farah,Personal,16900.00,Online,East,Approved
L0099,Approve application,2025-02-21 20:43:00,Farah,Personal,16900.00,Online,East,Approved
L0099,Send offer,2025-02-22 01:38:00,Dana,Personal,16900.00,Online,East,Approved
L0099,Sign contract,2025-02-27 18:36:00,Ben,Personal,16900.00,Online,East,Approved
L0100,Submit application,2025-04-14 08:00:00,Chen,Personal,14900.00,Broker,South,Approved
L0100,Check completeness,2025-04-15 02:33:00,Ana,Personal,14900.00,Broker,South,Approved
L0100,Request documents,2025-04-15 06:46:00,Ben,Personal,14900.00,Broker,South,Approved
L0100,Receive documents,2025-04-18 19:20:00,Chen,Personal,14900.00,Broker,South,Approved
L0100,Assess credit,2025-04-20 04:51:00,Farah,Personal,14900.00,Broker,South,Approved
L0100,Approve application,2025-04-20 16:45:00,Eli,Personal,14900.00,Broker,South,Approved
L0100,Send offer,2025-04-20 20:50:00,Ben,Personal,14900.00,Broker,South,Approved
L0100,Sign contract,2025-04-23 20:51:00,Dana,Personal,14900.00,Broker,South,Approved
L0101,Submit application,2025-04-19 11:00:00,Portal,Mortgage,188000.00,Online,South,Approved
L0101,Check completeness,2025-04-19 15:22:00,Dana,Mortgage,188000.00,Online,South,Approved
L0101,Assess credit,2025-04-20 08:49:00,Eli,Mortgage,188000.00,Online,South,Approved
L0101,Manual review,2025-04-21 20:25:00,Gil,Mortgage,188000.00,Online,South,Approved
L0101,Approve application,2025-04-22 12:04:00,Farah,Mortgage,188000.00,Online,South,Approved
L0101,Send offer,2025-04-22 16:28:00,Dana,Mortgage,188000.00,Online,South,Approved
L0101,Sign contract,2025-04-24 11:15:00,Chen,Mortgage,188000.00,Online,South,Approved
L0102,Submit application,2025-06-26 09:00:00,Ana,Auto,17800.00,Broker,West,Rejected
L0102,Check completeness,2025-06-26 22:16:00,Dana,Auto,17800.00,Broker,West,Rejected
L0102,Request documents,2025-06-27 01:42:00,Ana,Auto,17800.00,Broker,West,Rejected
L0102,Receive documents,2025-07-02 02:36:00,Ben,Auto,17800.00,Broker,West,Rejected
L0102,Assess credit,2025-07-03 23:59:00,Eli,Auto,17800.00,Broker,West,Rejected
L0102,Reject application,2025-07-04 13:14:00,Farah,Auto,17800.00,Broker,West,Rejected
L0103,Submit application,2025-06-24 11:00:00,Chen,Personal,3800.00,Branch,South,Approved
L0103,Check completeness,2025-06-24 16:05:00,Dana,Personal,3800.00,Branch,South,Approved
L0103,Assess credit,2025-06-25 05:54:00,Eli,Personal,3800.00,Branch,South,Approved
L0103,Approve application,2025-06-26 01:38:00,Farah,Personal,3800.00,Branch,South,Approved
L0103,Send offer,2025-06-26 05:47:00,Chen,Personal,3800.00,Branch,South,Approved
L0103,Sign contract,2025-06-30 11:55:00,Chen,Personal,3800.00,Branch,South,Approved
L0104,Submit application,2025-03-25 12:00:00,Portal,Personal,18900.00,Online,West,Approved
L0104,Check completeness,2025-03-25 16:22:00,Dana,Personal,18900.00,Online,West,Approved
L0104,Assess credit,2025-03-26 10:09:00,Farah,Personal,18900.00,Online,West,Approved
L0104,Approve application,2025-03-27 06:42:00,Farah,Personal,18900.00,Online,West,Approved
L0104,Send offer,2025-03-27 14:27:00,Ana,Personal,18900.00,Online,West,Approved
L0104,Sign contract,2025-03-31 10:40:00,Chen,Personal,18900.00,Online,West,Approved
L0105,Submit application,2025-04-09 09:00:00,Portal,Mortgage,249800.00,Online,North,Approved
L0105,Check completeness,2025-04-10 05:07:00,Chen,Mortgage,249800.00,Online,North,Approved
L0105,Assess credit,2025-04-11 18:09:00,Eli,Mortgage,249800.00,Online,North,Approved
L0105,Manual review,2025-04-12 20:00:00,Gil,Mortgage,249800.00,Online,North,Approved
L0105,Approve application,2025-04-13 09:53:00,Farah,Mortgage,249800.00,Online,North,Approved
L0105,Send offer,2025-04-13 11:51:00,Dana,Mortgage,249800.00,Online,North,Approved
L0105,Sign contract,2025-04-16 05:57:00,Chen,Mortgage,249800.00,Online,North,Approved
L0106,Submit application,2025-06-22 15:00:00,Portal,Personal,12700.00,Online,North,Approved
L0106,Check completeness,2025-06-23 14:52:00,Ben,Personal,12700.00,Online,North,Approved
L0106,Request documents,2025-06-23 19:13:00,Ben,Personal,12700.00,Online,North,Approved
L0106,Receive documents,2025-06-24 20:51:00,Ana,Personal,12700.00,Online,North,Approved
L0106,Assess credit,2025-06-25 08:06:00,Eli,Personal,12700.00,Online,North,Approved
L0106,Approve application,2025-06-25 13:52:00,Farah,Personal,12700.00,Online,North,Approved
L0106,Send offer,2025-06-25 19:51:00,Ben,Personal,12700.00,Online,North,Approved
L0106,Sign contract,2025-06-27 05:19:00,Chen,Personal,12700.00,Online,North,Approved
L0107,Submit application,2025-04-02 16:00:00,Portal,Business,112400.00,Online,West,Rejected
L0107,Check completeness,2025-04-03 06:26:00,Ben,Business,112400.00,Online,West,Rejected
L0107,Request documents,2025-04-03 08:56:00,Ana,Business,112400.00,Online,West,Rejected
L0107,Receive documents,2025-04-11 04:32:00,Ben,Business,112400.00,Online,West,Rejected
L0107,Request documents,2025-04-11 08:01:00,Ben,Business,112400.00,Online,West,Rejected
L0107,Receive documents,2025-04-20 20:46:00,Ana,Business,112400.00,Online,West,Rejected
L0107,Assess credit,2025-04-21 02:17:00,Farah,Business,112400.00,Online,West,Rejected
L0107,Manual review,2025-04-23 23:14:00,Gil,Business,112400.00,Online,West,Rejected
L0107,Reject application,2025-04-24 19:21:00,Farah,Business,112400.00,Online,West,Rejected
L0108,Submit application,2025-06-19 13:00:00,Portal,Personal,11800.00,Online,North,Approved
L0108,Check completeness,2025-06-20 12:51:00,Dana,Personal,11800.00,Online,North,Approved
L0108,Request documents,2025-06-20 17:56:00,Ana,Personal,11800.00,Online,North,Approved
L0108,Receive documents,2025-06-21 23:04:00,Ben,Personal,11800.00,Online,North,Approved
L0108,Assess credit,2025-06-23 21:06:00,Farah,Personal,11800.00,Online,North,Approved
L0108,Approve application,2025-06-24 19:20:00,Farah,Personal,11800.00,Online,North,Approved
L0108,Send offer,2025-06-24 20:31:00,Dana,Personal,11800.00,Online,North,Approved
L0108,Sign contract,2025-06-29 10:15:00,Dana,Personal,11800.00,Online,North,Approved
L0109,Submit application,2025-04-25 09:00:00,Portal,Auto,25000.00,Online,North,Approved
L0109,Check completeness,2025-04-26 04:35:00,Ana,Auto,25000.00,Online,North,Approved
L0109,Assess credit,2025-04-27 06:50:00,Farah,Auto,25000.00,Online,North,Approved
L0109,Approve application,2025-04-27 22:25:00,Eli,Auto,25000.00,Online,North,Approved
L0109,Send offer,2025-04-28 04:59:00,Ana,Auto,25000.00,Online,North,Approved
L0109,Sign contract,2025-04-29 07:34:00,Ben,Auto,25000.00,Online,North,Approved
L0110,Submit application,2025-06-01 11:00:00,Dana,Personal,4100.00,Broker,East,Approved
L0110,Check completeness,2025-06-01 15:51:00,Chen,Personal,4100.00,Broker,East,Approved
L0110,Assess credit,2025-06-03 13:53:00,Eli,Personal,4100.00,Broker,East,Approved
L0110,Approve application,2025-06-03 23:56:00,Eli,Personal,4100.00,Broker,East,Approved
L0110,Send offer,2025-06-04 06:53:00,Ana,Personal,4100.00,Broker,East,Approved
L0110,Sign contract,2025-06-08 02:35:00,Dana,Personal,4100.00,Broker,East,Approved
L0111,Submit application,2025-05-17 10:00:00,Portal,Mortgage,163600.00,Online,South,Approved
L0111,Check completeness,2025-05-18 03:24:00,Dana,Mortgage,163600.00,Online,South,Approved
L0111,Assess credit,2025-05-20 01:36:00,Eli,Mortgage,163600.00,Online,South,Approved
L0111,Manual review,2025-05-21 13:11:00,Gil,Mortgage,163600.00,Online,South,Approved
L0111,Approve application,2025-05-22 02:25:00,Farah,Mortgage,163600.00,Online,South,Approved
L0111,Send offer,2025-05-22 03:58:00,Dana,Mortgage,163600.00,Online,South,Approved
L0111,Sign contract,2025-05-28 13:29:00,Ana,Mortgage,163600.00,Online,South,Approved
L0112,Submit application,2025-05-14 16:00:00,Chen,Auto,18800.00,Branch,South,Approved
L0112,Check completeness,2025-05-15 02:29:00,Dana,Auto,18800.00,Branch,South,Approved
L0112,Assess credit,2025-05-16 02:04:00,Farah,Auto,18800.00,Branch,South,Approved
L0112,Approve application,2025-05-16 22:33:00,Farah,Auto,18800.00,Branch,South,Approved
L0112,Send offer,2025-05-17 04:38:00,Ben,Auto,18800.00,Branch,South,Approved
L0112,Sign contract,2025-05-23 13:57:00,Dana,Auto,18800.00,Branch,South,Approved
L0113,Submit application,2025-02-09 09:00:00,Dana,Mortgage,204100.00,Broker,North,Rejected
L0113,Check completeness,2025-02-09 16:58:00,Ben,Mortgage,204100.00,Broker,North,Rejected
L0113,Request documents,2025-02-09 21:40:00,Chen,Mortgage,204100.00,Broker,North,Rejected
L0113,Receive documents,2025-02-14 21:48:00,Dana,Mortgage,204100.00,Broker,North,Rejected
L0113,Assess credit,2025-02-16 18:51:00,Farah,Mortgage,204100.00,Broker,North,Rejected
L0113,Manual review,2025-02-18 07:12:00,Gil,Mortgage,204100.00,Broker,North,Rejected
L0113,Reject application,2025-02-19 16:04:00,Farah,Mortgage,204100.00,Broker,North,Rejected
L0114,Submit application,2025-04-29 16:00:00,Dana,Personal,13400.00,Broker,East,Approved
L0114,Check completeness,2025-04-30 05:24:00,Dana,Personal,13400.00,Broker,East,Approved
L0114,Assess credit,2025-05-01 17:37:00,Farah,Personal,13400.00,Broker,East,Approved
L0114,Approve application,2025-05-02 10:25:00,Farah,Personal,13400.00,Broker,East,Approved
L0114,Send offer,2025-05-02 16:49:00,Dana,Personal,13400.00,Broker,East,Approved
L0114,Sign contract,2025-05-08 18:39:00,Chen,Personal,13400.00,Broker,East,Approved
L0115,Submit application,2025-02-28 08:00:00,Portal,Personal,13400.00,Online,South,Approved
L0115,Check completeness,2025-02-28 21:47:00,Chen,Personal,13400.00,Online,South,Approved
L0115,Assess credit,2025-03-02 12:17:00,Farah,Personal,13400.00,Online,South,Approved
L0115,Approve application,2025-03-03 07:59:00,Eli,Personal,13400.00,Online,South,Approved
L0115,Send offer,2025-03-03 10:24:00,Dana,Personal,13400.00,Online,South,Approved
L0115,Sign contract,2025-03-08 01:42:00,Dana,Personal,13400.00,Online,South,Approved
L0116,Submit application,2025-03-04 14:00:00,Dana,Personal,8000.00,Branch,West,Rejected
L0116,Check completeness,2025-03-04 16:58:00,Ana,Personal,8000.00,Branch,West,Rejected
L0116,Assess credit,2025-03-04 21:22:00,Eli,Personal,8000.00,Branch,West,Rejected
L0116,Reject application,2025-03-05 17:22:00,Farah,Personal,8000.00,Branch,West,Rejected
L0117,Submit application,2025-05-28 11:00:00,Ben,Personal,10000.00,Branch,West,Approved
L0117,Check completeness,2025-05-28 16:01:00,Dana,Personal,10000.00,Branch,West,Approved
L0117,Assess credit,2025-05-29 14:23:00,Farah,Personal,10000.00,Branch,West,Approved
L0117,Approve application,2025-05-29 20:45:00,Eli,Personal,10000.00,Branch,West,Approved
L0117,Send offer,2025-05-30 02:32:00,Ana,Personal,10000.00,Branch,West,Approved
L0117,Sign contract,2025-06-05 09:51:00,Chen,Personal,10000.00,Branch,West,Approved
L0118,Submit application,2025-02-18 08:00:00,Ana,Personal,4000.00,Broker,East,Rejected
L0118,Check completeness,2025-02-18 23:09:00,Ana,Personal,4000.00,Broker,East,Rejected
L0118,Request documents,2025-02-19 02:06:00,Chen,Personal,4000.00,Broker,East,Rejected
L0118,Receive documents,2025-02-22 06:36:00,Ana,Personal,4000.00,Broker,East,Rejected
L0118,Request documents,2025-02-22 10:32:00,Dana,Personal,4000.00,Broker,East,Rejected
L0118,Receive documents,2025-03-02 03:48:00,Dana,Personal,4000.00,Broker,East,Rejected
L0118,Assess credit,2025-03-02 13:16:00,Eli,Personal,4000.00,Broker,East,Rejected
L0118,Reject application,2025-03-04 02:26:00,Farah,Personal,4000.00,Broker,East,Rejected
L0119,Submit application,2025-02-16 10:00:00,Chen,Auto,24500.00,Branch,North,Approved
L0119,Check completeness,2025-02-17 01:43:00,Chen,Auto,24500.00,Branch,North,Approved
L0119,Assess credit,2025-02-18 16:21:00,Farah,Auto,24500.00,Branch,North,Approved
L0119,Approve application,2025-02-18 21:47:00,Farah,Auto,24500.00,Branch,North,Approved
L0119,Send offer,2025-02-19 02:07:00,Dana,Auto,24500.00,Branch,North,Approved
L0119,Sign contract,2025-02-21 09:08:00,Ana,Auto,24500.00,Branch,North,Approved
L0120,Submit application,2025-05-06 08:00:00,Portal,Auto,15700.00,Online,North,Approved
L0120,Check completeness,2025-05-06 11:00:00,Ben,Auto,15700.00,Online,North,Approved
L0120,Assess credit,2025-05-08 07:48:00,Eli,Auto,15700.00,Online,North,Approved
L0120,Approve application,2025-05-08 20:27:00,Farah,Auto,15700.00,Online,North,Approved
L0120,Send offer,2025-05-08 22:55:00,Ana,Auto,15700.00,Online,North,Approved
L0120,Sign contract,2025-05-11 13:20:00,Ben,Auto,15700.00,Online,North,Approved
L0121,Submit application,2025-05-10 11:00:00,Chen,Auto,11500.00,Broker,East,Rejected
L0121,Check completeness,2025-05-11 05:30:00,Chen,Auto,11500.00,Broker,East,Rejected
L0121,Reject application,2025-05-11 08:43:00,Ben,Auto,11500.00,Broker,East,Rejected
L0122,Submit application,2025-02-24 11:00:00,Dana,Personal,8600.00,Broker,East,Approved
L0122,Check completeness,2025-02-24 14:23:00,Ana,Personal,8600.00,Broker,East,Approved
L0122,Assess credit,2025-02-25 10:57:00,Farah,Personal,8600.00,Broker,East,Approved
L0122,Approve application,2025-02-26 03:03:00,Farah,Personal,8600.00,Broker,East,Approved
L0122,Send offer,2025-02-26 06:02:00,Chen,Personal,8600.00,Broker,East,Approved
L0122,Sign contract,2025-03-03 10:38:00,Ana,Personal,8600.00,Broker,East,Approved
L0123,Submit application,2025-02-15 16:00:00,Portal,Mortgage,128500.00,Online,East,Approved
L0123,Check completeness,2025-02-15 18:49:00,Dana,Mortgage,128500.00,Online,East,Approved
L0123,Assess credit,2025-02-17 09:08:00,Eli,Mortgage,128500.00,Online,East,Approved
L0123,Manual review,2025-02-19 05:42:00,Gil,Mortgage,128500.00,Online,East,Approved
L0123,Approve application,2025-02-20 04:26:00,Farah,Mortgage,128500.00,Online,East,Approved
L0123,Send offer,2025-02-20 07:32:00,Dana,Mortgage,128500.00,Online,East,Approved
L0123,Sign contract,2025-02-22 13:02:00,Chen,Mortgage,128500.00,Online,East,Approved
L0124,Submit application,2025-04-09 08:00:00,Portal,Auto,36500.00,Online,West,Approved
L0124,Check completeness,2025-04-09 12:13:00,Dana,Auto,36500.00,Online,West,Approved
L0124,Assess credit,2025-04-11 08:06:00,Eli,Auto,36500.00,Online,West,Approved
L0124,Approve application,2025-04-11 13:38:00,Eli,Auto,36500.00,Online,West,Approved
L0124,Send offer,2025-04-11 20:23:00,Chen,Auto,36500.00,Online,West,Approved
L0124,Sign contract,2025-04-17 07:07:00,Ben,Auto,36500.00,Online,West,Approved
L0125,Submit application,2025-04-15 08:00:00,Ben,Auto,29100.00,Branch,North,Approved
L0125,Check completeness,2025-04-15 23:22:00,Dana,Auto,29100.00,Branch,North,Approved
L0125,Assess credit,2025-04-17 05:33:00,Eli,Auto,29100.00,Branch,North,Approved
L0125,Approve application,2025-04-17 16:43:00,Farah,Auto,29100.00,Branch,North,Approved
L0125,Send offer,2025-04-17 20:13:00,Ana,Auto,29100.00,Branch,North,Approved
L0125,Sign contract,2025-04-23 08:39:00,Ana,Auto,29100.00,Branch,North,Approved
L0126,Submit application,2025-06-11 14:00:00,Ana,Mortgage,159300.00,Branch,West,Rejected
L0126,Check completeness,2025-06-12 07:38:00,Chen,Mortgage,159300.00,Branch,West,Rejected
L0126,Request documents,2025-06-12 10:48:00,Chen,Mortgage,159300.00,Branch,West,Rejected
L0126,Receive documents,2025-06-21 17:16:00,Dana,Mortgage,159300.00,Branch,West,Rejected
L0126,Assess credit,2025-06-23 14:36:00,Farah,Mortgage,159300.00,Branch,West,Rejected
L0126,Manual review,2025-06-24 21:13:00,Gil,Mortgage,159300.00,Branch,West,Rejected
L0126,Reject application,2025-06-25 14:32:00,Farah,Mortgage,159300.00,Branch,West,Rejected
L0127,Submit application,2025-05-08 09:00:00,Portal,Personal,6000.00,Online,South,Approved
L0127,Check completeness,2025-05-09 02:18:00,Ben,Personal,6000.00,Online,South,Approved
L0127,Request documents,2025-05-09 07:48:00,Ana,Personal,6000.00,Online,South,Approved
L0127,Receive documents,2025-05-10 18:45:00,Dana,Personal,6000.00,Online,South,Approved
L0127,Assess credit,2025-05-11 16:34:00,Eli,Personal,6000.00,Online,South,Approved
L0127,Approve application,2025-05-11 23:51:00,Eli,Personal,6000.00,Online,South,Approved
L0127,Send offer,2025-05-12 06:01:00,Chen,Personal,6000.00,Online,South,Approved
L0127,Sign contract,2025-05-13 07:08:00,Chen,Personal,6000.00,Online,South,Approved
L0128,Submit application,2025-03-03 09:00:00,Portal,Mortgage,146500.00,Online,West,Approved
L0128,Check completeness,2025-03-04 01:49:00,Ben,Mortgage,146500.00,Online,West,Approved
L0128,Request documents,2025-03-04 06:40:00,Ana,Mortgage,146500.00,Online,West,Approved
L0128,Receive documents,2025-03-07 04:59:00,Dana,Mortgage,146500.00,Online,West,Approved
L0128,Assess credit,2025-03-08 01:01:00,Farah,Mortgage,146500.00,Online,West,Approved
L0128,Manual review,2025-03-09 19:05:00,Gil,Mortgage,146500.00,Online,West,Approved
L0128,Approve application,2025-03-10 16:41:00,Farah,Mortgage,146500.00,Online,West,Approved
L0128,Send offer,2025-03-10 17:47:00,Chen,Mortgage,146500.00,Online,West,Approved
L0128,Sign contract,2025-03-11 22:38:00,Ana,Mortgage,146500.00,Online,West,Approved
L0129,Submit application,2025-02-12 14:00:00,Portal,Personal,3700.00,Online,North,Rejected
L0129,Check completeness,2025-02-12 17:59:00,Ben,Personal,3700.00,Online,North,Rejected
L0129,Request documents,2025-02-12 23:59:00,Ben,Personal,3700.00,Online,North,Rejected
L0129,Receive documents,2025-02-22 05:17:00,Chen,Personal,3700.00,Online,North,Rejected
L0129,Request documents,2025-02-22 10:17:00,Chen,Personal,3700.00,Online,North,Rejected
L0129,Receive documents,2025-02-26 15:38:00,Dana,Personal,3700.00,Online,North,Rejected
L0129,Assess credit,2025-02-27 17:18:00,Farah,Personal,3700.00,Online,North,Rejected
L0129,Reject application,2025-02-28 01:45:00,Farah,Personal,3700.00,Online,North,Rejected
L0130,Submit application,2025-01-08 15:00:00,Chen,Mortgage,279400.00,Branch,South,Approved
L0130,Check completeness,2025-01-09 05:20:00,Ana,Mortgage,279400.00,Branch,South,Approved
L0130,Assess credit,2025-01-10 07:04:00,Farah,Mortgage,279400.00,Branch,South,Approved
L0130,Manual review,2025-01-11 18:19:00,Gil,Mortgage,279400.00,Branch,South,Approved
L0130,Approve application,2025-01-12 10:57:00,Eli,Mortgage,279400.00,Branch,South,Approved
L0130,Send offer,2025-01-12 16:24:00,Ben,Mortgage,279400.00,Branch,South,Approved
L0130,Sign contract,2025-01-14 23:34:00,Dana,Mortgage,279400.00,Branch,South,Approved
L0131,Submit application,2025-04-05 09:00:00,Dana,Mortgage,160500.00,Branch,West,Approved
L0131,Check completeness,2025-04-05 15:54:00,Chen,Mortgage,160500.00,Branch,West,Approved
L0131,Assess credit,2025-04-06 08:29:00,Farah,Mortgage,160500.00,Branch,West,Approved
L0131,Manual review,2025-04-08 08:33:00,Gil,Mortgage,160500.00,Branch,West,Approved
L0131,Approve application,2025-04-09 05:36:00,Farah,Mortgage,160500.00,Branch,West,Approved
L0131,Send offer,2025-04-09 11:57:00,Dana,Mortgage,160500.00,Branch,West,Approved
L0131,Sign contract,2025-04-14 18:38:00,Ben,Mortgage,160500.00,Branch,West,Approved
L0132,Submit application,2025-01-20 14:00:00,Portal,Personal,8500.00,Online,North,Approved
L0132,Check completeness,2025-01-21 12:58:00,Dana,Personal,8500.00,Online,North,Approved
L0132,Assess credit,2025-01-22 01:41:00,Farah,Personal,8500.00,Online,North,Approved
L0132,Approve application,2025-01-22 08:02:00,Eli,Personal,8500.00,Online,North,Approved
L0132,Send offer,2025-01-22 09:46:00,Ben,Personal,8500.00,Online,North,Approved
L0132,Sign contract,2025-01-27 09:03:00,Chen,Personal,8500.00,Online,North,Approved
L0133,Submit application,2025-02-13 09:00:00,Ben,Personal,5300.00,Broker,West,Rejected
L0133,Check completeness,2025-02-14 00:29:00,Ana,Personal,5300.00,Broker,West,Rejected
L0133,Request documents,2025-02-14 05:31:00,Chen,Personal,5300.00,Broker,West,Rejected
L0133,Receive documents,2025-02-24 04:06:00,Chen,Personal,5300.00,Broker,West,Rejected
L0133,Assess credit,2025-02-25 22:02:00,Farah,Personal,5300.00,Broker,West,Rejected
L0133,Reject application,2025-02-27 04:52:00,Eli,Personal,5300.00,Broker,West,Rejected
L0134,Submit application,2025-03-21 16:00:00,Ana,Auto,30800.00,Branch,South,Rejected
L0134,Check completeness,2025-03-22 05:04:00,Ana,Auto,30800.00,Branch,South,Rejected
L0134,Assess credit,2025-03-22 12:11:00,Farah,Auto,30800.00,Branch,South,Rejected
L0134,Reject application,2025-03-23 08:21:00,Farah,Auto,30800.00,Branch,South,Rejected
L0135,Submit application,2025-01-24 10:00:00,Portal,Personal,18900.00,Online,South,Approved
L0135,Check completeness,2025-01-24 15:04:00,Ben,Personal,18900.00,Online,South,Approved
L0135,Assess credit,2025-01-26 06:05:00,Eli,Personal,18900.00,Online,South,Approved
L0135,Approve application,2025-01-26 18:10:00,Eli,Personal,18900.00,Online,South,Approved
L0135,Send offer,2025-01-26 20:32:00,Ana,Personal,18900.00,Online,South,Approved
L0135,Sign contract,2025-01-31 00:00:00,Chen,Personal,18900.00,Online,South,Approved
L0136,Submit application,2025-01-18 16:00:00,Chen,Personal,18000.00,Branch,North,Rejected
L0136,Check completeness,2025-01-19 03:09:00,Ben,Personal,18000.00,Branch,North,Rejected
L0136,Reject application,2025-01-19 09:50:00,Ben,Personal,18000.00,Branch,North,Rejected
L0137,Submit application,2025-05-21 16:00:00,Chen,Business,90300.00,Branch,North,Rejected
L0137,Check completeness,2025-05-22 06:22:00,Chen,Business,90300.00,Branch,North,Rejected
L0137,Reject application,2025-05-22 14:13:00,Ana,Business,90300.00,Branch,North,Rejected
L0138,Submit application,2025-05-15 14:00:00,Portal,Mortgage,231600.00,Online,South,Rejected
L0138,Check completeness,2025-05-16 13:57:00,Dana,Mortgage,231600.00,Online,South,Rejected
L0138,Request documents,2025-05-16 15:59:00,Ben,Mortgage,231600.00,Online,South,Rejected
L0138,Receive documents,2025-05-26 04:54:00,Dana,Mortgage,231600.00,Online,South,Rejected
L0138,Request documents,2025-05-26 07:38:00,Chen,Mortgage,231600.00,Online,South,Rejected
L0138,Receive documents,2025-06-02 19:44:00,Ben,Mortgage,231600.00,Online,South,Rejected
L0138,Request documents,2025-06-02 22:12:00,Chen,Mortgage,231600.00,Online,South,Rejected
L0138,Receive documents,2025-06-09 00:13:00,Chen,Mortgage,231600.00,Online,South,Rejected
L0138,Assess credit,2025-06-10 06:49:00,Farah,Mortgage,231600.00,Online,South,Rejected
L0138,Manual review,2025-06-11 15:42:00,Gil,Mortgage,231600.00,Online,South,Rejected
L0138,Reject application,2025-06-12 00:13:00,Eli,Mortgage,231600.00,Online,South,Rejected
L0139,Submit application,2025-06-12 13:00:00,Portal,Personal,18600.00,Online,West,Approved
L0139,Check completeness,2025-06-12 16:08:00,Ben,Personal,18600.00,Online,West,Approved
L0139,Assess credit,2025-06-13 18:19:00,Farah,Personal,18600.00,Online,West,Approved
L0139,Approve application,2025-06-13 22:25:00,Eli,Personal,18600.00,Online,West,Approved
L0139,Send offer,2025-06-14 03:30:00,Ben,Personal,18600.00,Online,West,Approved
L0139,Sign contract,2025-06-18 19:39:00,Chen,Personal,18600.00,Online,West,Approved
L0140,Submit application,2025-05-25 09:00:00,Portal,Auto,24500.00,Online,West,Approved
L0140,Check completeness,2025-05-25 11:42:00,Dana,Auto,24500.00,Online,West,Approved
L0140,Assess credit,2025-05-26 12:04:00,Farah,Auto,24500.00,Online,West,Approved
L0140,Approve application,2025-05-27 00:16:00,Farah,Auto,24500.00,Online,West,Approved
L0140,Send offer,2025-05-27 01:23:00,Chen,Auto,24500.00,Online,West,Approved
L0140,Sign contract,2025-06-01 23:10:00,Ana,Auto,24500.00,Online,West,Approved
L0141,Submit application,2025-04-22 08:00:00,Portal,Auto,30300.00,Online,West,Approved
L0141,Check completeness,2025-04-23 03:51:00,Ana,Auto,30300.00,Online,West,Approved
L0141,Request documents,2025-04-23 09:49:00,Ana,Auto,30300.00,Online,West,Approved
L0141,Receive documents,2025-04-24 13:57:00,Chen,Auto,30300.00,Online,West,Approved
L0141,Assess credit,2025-04-26 01:36:00,Farah,Auto,30300.00,Online,West,Approved
L0141,Approve application,2025-04-26 06:55:00,Eli,Auto,30300.00,Online,West,Approved
L0141,Send offer,2025-04-26 12:18:00,Ben,Auto,30300.00,Online,West,Approved
L0141,Sign contract,2025-05-02 08:17:00,Chen,Auto,30300.00,Online,West,Approved
L0142,Submit application,2025-04-08 14:00:00,Chen,Personal,8600.00,Broker,West,Approved
L0142,Check completeness,2025-04-08 21:45:00,Ana,Personal,8600.00,Broker,West,Approved
L0142,Assess credit,2025-04-10 01:05:00,Farah,Personal,8600.00,Broker,West,Approved
L0142,Approve application,2025-04-10 18:25:00,Farah,Personal,8600.00,Broker,West,Approved
L0142,Send offer,2025-04-10 21:44:00,Chen,Personal,8600.00,Broker,West,Approved
L0142,Sign contract,2025-04-15 10:14:00,Ben,Personal,8600.00,Broker,West,Approved
L0143,Submit application,2025-02-17 16:00:00,Dana,Business,140100.00,Broker,South,Rejected
L0143,Check completeness,2025-02-18 15:33:00,Dana,Business,140100.00,Broker,South,Rejected
L0143,Request documents,2025-02-18 21:21:00,Chen,Business,140100.00,Broker,South,Rejected
L0143,Receive documents,2025-02-26 00:16:00,Dana,Business,140100.00,Broker,South,Rejected
L0143,Request documents,2025-02-26 02:31:00,Ben,Business,140100.00,Broker,South,Rejected
L0143,Receive documents,2025-03-01 03:22:00,Ana,Business,140100.00,Broker,South,Rejected
L0143,Assess credit,2025-03-03 02:14:00,Eli,Business,140100.00,Broker,South,Rejected
L0143,Manual review,2025-03-04 09:15:00,Gil,Business,140100.00,Broker,South,Rejected
L0143,Reject application,2025-03-04 18:32:00,Eli,Business,140100.00,Broker,South,Rejected
L0144,Submit application,2025-03-01 08:00:00,Chen,Personal,2800.00,Broker,South,Approved
L0144,Check completeness,2025-03-01 12:13:00,Dana,Personal,2800.00,Broker,South,Approved
L0144,Assess credit,2025-03-02 17:16:00,Eli,Personal,2800.00,Broker,South,Approved
L0144,Approve application,2025-03-03 08:45:00,Farah,Personal,2800.00,Broker,South,Approved
L0144,Send offer,2025-03-03 15:14:00,Ana,Personal,2800.00,Broker,South,Approved
L0144,Sign contract,2025-03-06 12:19:00,Ben,Personal,2800.00,Broker,South,Approved
L0145,Submit application,2025-02-17 09:00:00,Ana,Mortgage,124800.00,Branch,West,Approved
L0145,Check completeness,2025-02-17 13:42:00,Ben,Mortgage,124800.00,Branch,West,Approved
L0145,Assess credit,2025-02-19 01:16:00,Farah,Mortgage,124800.00,Branch,West,Approved
L0145,Manual review,2025-02-20 09:38:00,Gil,Mortgage,124800.00,Branch,West,Approved
L0145,Approve application,2025-02-20 14:00:00,Farah,Mortgage,124800.00,Branch,West,Approved
L0145,Send offer,2025-02-20 15:10:00,Chen,Mortgage,124800.00,Branch,West,Approved
L0145,Sign contract,2025-02-23 04:21:00,Chen,Mortgage,124800.00,Branch,West,Approved
L0146,Submit application,2025-01-15 14:00:00,Portal,Personal,14400.00,Online,North,Rejected
L0146,Check completeness,2025-01-16 03:57:00,Dana,Personal,14400.00,Online,North,Rejected
L0146,Request documents,2025-01-16 08:32:00,Chen,Personal,14400.00,Online,North,Rejected
L0146,Receive documents,2025-01-22 18:51:00,Ben,Personal,14400.00,Online,North,Rejected
L0146,Assess credit,2025-01-24 00:50:00,Farah,Personal,14400.00,Online,North,Rejected
L0146,Reject application,2025-01-25 06:33:00,Farah,Personal,14400.00,Online,North,Rejected
L0147,Submit application,2025-04-22 09:00:00,Ana,Mortgage,276600.00,Broker,South,Rejected
L0147,Check completeness,2025-04-23 05:35:00,Dana,Mortgage,276600.00,Broker,South,Rejected
L0147,Request documents,2025-04-23 09:44:00,Dana,Mortgage,276600.00,Broker,South,Rejected
L0147,Receive documents,2025-04-30 23:26:00,Ana,Mortgage,276600.00,Broker,South,Rejected
L0147,Request documents,2025-05-01 02:54:00,Ben,Mortgage,276600.00,Broker,South,Rejected
L0147,Receive documents,2025-05-09 23:02:00,Dana,Mortgage,276600.00,Broker,South,Rejected
L0147,Request documents,2025-05-10 03:42:00,Dana,Mortgage,276600.00,Broker,South,Rejected
L0147,Receive documents,2025-05-13 08:13:00,Ana,Mortgage,276600.00,Broker,South,Rejected
L0147,Assess credit,2025-05-14 06:36:00,Eli,Mortgage,276600.00,Broker,South,Rejected
L0147,Manual review,2025-05-16 11:23:00,Gil,Mortgage,276600.00,Broker,South,Rejected
L0147,Reject application,2025-05-17 22:29:00,Farah,Mortgage,276600.00,Broker,South,Rejected
L0148,Submit application,2025-02-13 13:00:00,Portal,Business,65400.00,Online,North,Approved
L0148,Check completeness,2025-02-14 01:30:00,Dana,Business,65400.00,Online,North,Approved
L0148,Request documents,2025-02-14 06:20:00,Ben,Business,65400.00,Online,North,Approved
L0148,Receive documents,2025-02-16 03:44:00,Dana,Business,65400.00,Online,North,Approved
L0148,Assess credit,2025-02-17 02:10:00,Farah,Business,65400.00,Online,North,Approved
L0148,Manual review,2025-02-18 15:56:00,Gil,Business,65400.00,Online,North,Approved
L0148,Approve application,2025-02-18 21:52:00,Eli,Business,65400.00,Online,North,Approved
L0148,Send offer,2025-02-18 23:49:00,Ben,Business,65400.00,Online,North,Approved
L0148,Sign contract,2025-02-21 11:20:00,Ana,Business,65400.00,Online,North,Approved
L0149,Submit application,2025-02-05 09:00:00,Portal,Personal,5900.00,Online,East,Rejected
L0149,Check completeness,2025-02-05 18:16:00,Chen,Personal,5900.00,Online,East,Rejected
L0149,Request documents,2025-02-05 20:15:00,Dana,Personal,5900.00,Online,East,Rejected
L0149,Receive documents,2025-02-14 20:04:00,Ana,Personal,5900.00,Online,East,Rejected
L0149,Assess credit,2025-02-16 08:37:00,Eli,Personal,5900.00,Online,East,Rejected
L0149,Reject application,2025-02-16 21:03:00,Farah,Personal,5900.00,Online,East,Rejected
L0150,Submit application,2025-06-26 08:00:00,Chen,Business,38000.00,Branch,South,Rejected
L0150,Check completeness,2025-06-27 06:52:00,Dana,Business,38000.00,Branch,South,Rejected
L0150,Request documents,2025-06-27 09:42:00,Ana,Business,38000.00,Branch,South,Rejected
L0150,Receive documents,2025-07-03 10:56:00,Dana,Business,38000.00,Branch,South,Rejected
L0150,Assess credit,2025-07-04 03:01:00,Farah,Business,38000.00,Branch,South,Rejected
L0150,Reject application,2025-07-04 08:32:00,Farah,Business,38000.00,Branch,South,Rejected
L0151,Submit application,2025-03-22 08:00:00,Portal,Personal,2700.00,Online,North,Approved
L0151,Check completeness,2025-03-23 01:21:00,Ben,Personal,2700.00,Online,North,Approved
L0151,Request documents,2025-03-23 04:22:00,Dana,Personal,2700.00,Online,North,Approved
L0151,Receive documents,2025-03-25 17:31:00,Chen,Personal,2700.00,Online,North,Approved
L0151,Assess credit,2025-03-26 06:21:00,Farah,Personal,2700.00,Online,North,Approved
L0151,Approve application,2025-03-27 02:46:00,Eli,Personal,2700.00,Online,North,Approved
L0151,Send offer,2025-03-27 08:00:00,Ben,Personal,2700.00,Online,North,Approved
L0151,Sign contract,2025-04-01 20:02:00,Ben,Personal,2700.00,Online,North,Approved
L0152,Submit application,2025-04-29 14:00:00,Dana,Personal,3200.00,Branch,West,Approved
L0152,Check completeness,2025-04-30 04:32:00,Ben,Personal,3200.00,Branch,West,Approved
L0152,Request documents,2025-04-30 06:54:00,Ana,Personal,3200.00,Branch,West,Approved
L0152,Receive documents,2025-05-02 11:29:00,Dana,Personal,3200.00,Branch,West,Approved
L0152,Assess credit,2025-05-04 05:20:00,Farah,Personal,3200.00,Branch,West,Approved
L0152,Approve application,2025-05-04 16:43:00,Eli,Personal,3200.00,Branch,West,Approved
L0152,Send offer,2025-05-04 22:36:00,Ana,Personal,3200.00,Branch,West,Approved
L0152,Sign contract,2025-05-06 21:04:00,Ana,Personal,3200.00,Branch,West,Approved
L0153,Submit application,2025-06-25 08:00:00,Portal,Personal,4300.00,Online,West,Approved
L0153,Check completeness,2025-06-25 18:32:00,Ben,Personal,4300.00,Online,West,Approved
L0153,Assess credit,2025-06-26 11:28:00,Eli,Personal,4300.00,Online,West,Approved
L0153,Approve application,2025-06-26 19:36:00,Eli,Personal,4300.00,Online,West,Approved
L0153,Send offer,2025-06-27 01:39:00,Ana,Personal,4300.00,Online,West,Approved
L0153,Sign contract,2025-06-30 08:17:00,Chen,Personal,4300.00,Online,West,Approved
L0154,Submit application,2025-01-09 08:00:00,Ben,Auto,17600.00,Broker,South,Rejected
L0154,Check completeness,2025-01-10 06:43:00,Chen,Auto,17600.00,Broker,South,Rejected
L0154,Request documents,2025-01-10 11:13:00,Ana,Auto,17600.00,Broker,South,Rejected
L0154,Receive documents,2025-01-14 12:53:00,Ana,Auto,17600.00,Broker,South,Rejected
L0154,Assess credit,2025-01-16 09:51:00,Farah,Auto,17600.00,Broker,South,Rejected
L0154,Reject application,2025-01-17 08:27:00,Farah,Auto,17600.00,Broker,South,Rejected
L0155,Submit application,2025-06-29 08:00:00,Chen,Mortgage,265300.00,Branch,West,Rejected
L0155,Check completeness,2025-06-30 08:00:00,Ana,Mortgage,265300.00,Branch,West,Rejected
L0155,Request documents,2025-06-30 09:53:00,Dana,Mortgage,265300.00,Branch,West,Rejected
L0155,Receive documents,2025-07-05 14:14:00,Dana,Mortgage,265300.00,Branch,West,Rejected
L0155,Assess credit,2025-07-06 02:45:00,Eli,Mortgage,265300.00,Branch,West,Rejected
L0155,Manual review,2025-07-07 19:46:00,Gil,Mortgage,265300.00,Branch,West,Rejected
L0155,Reject application,2025-07-09 09:07:00,Farah,Mortgage,265300.00,Branch,West,Rejected
L0156,Submit application,2025-03-09 15:00:00,Chen,Personal,9400.00,Branch,West,Rejected
L0156,Check completeness,2025-03-10 10:43:00,Chen,Personal,9400.00,Branch,West,Rejected
L0156,Request documents,2025-03-10 11:51:00,Chen,Personal,9400.00,Branch,West,Rejected
L0156,Receive documents,2025-03-20 09:22:00,Ana,Personal,9400.00,Branch,West,Rejected
L0156,Assess credit,2025-03-21 01:56:00,Farah,Personal,9400.00,Branch,West,Rejected
L0156,Reject application,2025-03-22 05:35:00,Farah,Personal,9400.00,Branch,West,Rejected
L0157,Submit application,2025-01-25 09:00:00,Portal,Auto,35900.00,Online,East,Approved
L0157,Check completeness,2025-01-26 01:03:00,Ben,Auto,35900.00,Online,East,Approved
L0157,Assess credit,2025-01-27 08:44:00,Eli,Auto,35900.00,Online,East,Approved
L0157,Approve application,2025-01-27 14:57:00,Eli,Auto,35900.00,Online,East,Approved
L0157,Send offer,2025-01-27 19:15:00,Chen,Auto,35900.00,Online,East,Approved
L0157,Sign contract,2025-01-31 14:56:00,Ben,Auto,35900.00,Online,East,Approved
L0158,Submit application,2025-04-13 15:00:00,Chen,Mortgage,101800.00,Branch,West,Rejected
L0158,Check completeness,2025-04-13 20:20:00,Ben,Mortgage,101800.00,Branch,West,Rejected
L0158,Reject application,2025-04-13 22:17:00,Chen,Mortgage,101800.00,Branch,West,Rejected
L0159,Submit application,2025-03-08 13:00:00,Dana,Auto,18000.00,Branch,South,Approved
L0159,Check completeness,2025-03-09 07:35:00,Dana,Auto,18000.00,Branch,South,Approved
L0159,Request documents,2025-03-09 11:38:00,Chen,Auto,18000.00,Branch,South,Approved
L0159,Receive documents,2025-03-12 19:24:00,Ana,Auto,18000.00,Branch,South,Approved
L0159,Assess credit,2025-03-14 18:18:00,Eli,Auto,18000.00,Branch,South,Approved
L0159,Approve application,2025-03-15 16:17:00,Eli,Auto,18000.00,Branch,South,Approved
L0159,Send offer,2025-03-15 22:42:00,Chen,Auto,18000.00,Branch,South,Approved
L0159,Sign contract,2025-03-21 14:52:00,Dana,Auto,18000.00,Branch,South,Approved
L0160,Submit application,2025-02-15 09:00:00,Portal,Personal,3400.00,Online,North,Approved
L0160,Check completeness,2025-02-16 03:09:00,Chen,Personal,3400.00,Online,North,Approved
L0160,Request documents,2025-02-16 05:06:00,Ben,Personal,3400.00,Online,North,Approved
L0160,Receive documents,2025-02-18 15:40:00,Ana,Personal,3400.00,Online,North,Approved
L0160,Assess credit,2025-02-19 05:31:00,Farah,Personal,3400.00,Online,North,Approved
L0160,Approve application,2025-02-19 11:29:00,Eli,Personal,3400.00,Online,North,Approved
L0160,Send offer,2025-02-19 14:53:00,Ben,Personal,3400.00,Online,North,Approved
L0160,Sign contract,2025-02-25 07:28:00,Dana,Personal,3400.00,Online,North,Approved
L0161,Submit application,2025-05-20 08:00:00,Chen,Personal,9800.00,Broker,West,Approved
L0161,Check completeness,2025-05-20 16:43:00,Dana,Personal,9800.00,Broker,West,Approved
L0161,Request documents,2025-05-20 21:24:00,Ana,Personal,9800.00,Broker,West,Approved
L0161,Receive documents,2025-05-24 17:04:00,Ben,Personal,9800.00,Broker,West,Approved
L0161,Assess credit,2025-05-25 22:32:00,Farah,Personal,9800.00,Broker,West,Approved
L0161,Approve application,2025-05-26 14:55:00,Farah,Personal,9800.00,Broker,West,Approved
L0161,Send offer,2025-05-26 22:15:00,Ana,Personal,9800.00,Broker,West,Approved
L0161,Sign contract,2025-05-29 12:21:00,Chen,Personal,9800.00,Broker,West,Approved
L0162,Submit application,2025-04-09 11:00:00,Portal,Personal,12100.00,Online,North,Rejected
L0162,Check completeness,2025-04-10 06:18:00,Chen,Personal,12100.00,Online,North,Rejected
L0162,Request documents,2025-04-10 10:05:00,Chen,Personal,12100.00,Online,North,Rejected
L0162,Receive documents,2025-04-16 20:43:00,Dana,Personal,12100.00,Online,North,Rejected
L0162,Request documents,2025-04-17 02:09:00,Chen,Personal,12100.00,Online,North,Rejected
L0162,Receive documents,2025-04-26 19:20:00,Ben,Personal,12100.00,Online,North,Rejected
L0162,Assess credit,2025-04-27 16:59:00,Eli,Personal,12100.00,Online,North,Rejected
L0162,Reject application,2025-04-28 19:44:00,Farah,Personal,12100.00,Online,North,Rejected
L0163,Submit application,2025-03-16 14:00:00,Chen,Personal,16200.00,Broker,West,Approved
L0163,Check completeness,2025-03-16 21:59:00,Ana,Personal,16200.00,Broker,West,Approved
L0163,Assess credit,2025-03-18 18:38:00,Eli,Personal,16200.00,Broker,West,Approved
L0163,Approve application,2025-03-19 07:25:00,Eli,Personal,16200.00,Broker,West,Approved
L0163,Send offer,2025-03-19 09:09:00,Ben,Personal,16200.00,Broker,West,Approved
L0163,Sign contract,2025-03-21 01:27:00,Ana,Personal,16200.00,Broker,West,Approved
L0164,Submit application,2025-04-19 13:00:00,Portal,Mortgage,112000.00,Online,South,Approved
L0164,Check completeness,2025-04-20 03:30:00,Ana,Mortgage,112000.00,Online,South,Approved
L0164,Assess credit,2025-04-21 04:21:00,Farah,Mortgage,112000.00,Online,South,Approved
L0164,Manual review,2025-04-22 15:57:00,Gil,Mortgage,112000.00,Online,South,Approved
L0164,Approve application,2025-04-23 06:59:00,Eli,Mortgage,112000.00,Online,South,Approved
L0164,Send offer,2025-04-23 14:00:00,Dana,Mortgage,112000.00,Online,South,Approved
L0164,Sign contract,2025-04-28 23:18:00,Dana,Mortgage,112000.00,Online,South,Approved
L0165,Submit application,2025-04-16 14:00:00,Ana,Mortgage,267500.00,Broker,West,Approved
L0165,Check completeness,2025-04-16 23:03:00,Ben,Mortgage,267500.00,Broker,West,Approved
L0165,Assess credit,2025-04-17 15:18:00,Eli,Mortgage,267500.00,Broker,West,Approved
L0165,Manual review,2025-04-20 02:06:00,Gil,Mortgage,267500.00,Broker,West,Approved
L0165,Approve application,2025-04-20 19:06:00,Farah,Mortgage,267500.00,Broker,West,Approved
L0165,Send offer,2025-04-21 01:49:00,Ben,Mortgage,267500.00,Broker,West,Approved
L0165,Sign contract,2025-04-24 01:40:00,Chen,Mortgage,267500.00,Broker,West,Approved
L0166,Submit application,2025-05-04 13:00:00,Portal,Auto,33400.00,Online,East,Approved
L0166,Check completeness,2025-05-05 12:45:00,Ana,Auto,33400.00,Online,East,Approved
L0166,Assess credit,2025-05-07 06:48:00,Eli,Auto,33400.00,Online,East,Approved
L0166,Approve application,2025-05-07 19:21:00,Farah,Auto,33400.00,Online,East,Approved
L0166,Send offer,2025-05-07 22:05:00,Ana,Auto,33400.00,Online,East,Approved
L0166,Sign contract,2025-05-09 00:27:00,Ana,Auto,33400.00,Online,East,Approved
L0167,Submit application,2025-03-14 13:00:00,Portal,Mortgage,315600.00,Online,East,Rejected
L0167,Check completeness,2025-03-15 11:05:00,Dana,Mortgage,315600.00,Online,East,Rejected
L0167,Request documents,2025-03-15 12:15:00,Chen,Mortgage,315600.00,Online,East,Rejected
L0167,Receive documents,2025-03-20 21:03:00,Dana,Mortgage,315600.00,Online,East,Rejected
L0167,Assess credit,2025-03-21 23:59:00,Farah,Mortgage,315600.00,Online,East,Rejected
L0167,Manual review,2025-03-24 04:30:00,Gil,Mortgage,315600.00,Online,East,Rejected
L0167,Reject application,2025-03-24 15:29:00,Eli,Mortgage,315600.00,Online,East,Rejected
L0168,Submit application,2025-06-09 10:00:00,Ben,Business,143300.00,Broker,East,Rejected
L0168,Check completeness,2025-06-10 07:00:00,Ana,Business,143300.00,Broker,East,Rejected
L0168,Reject application,2025-06-10 13:33:00,Ben,Business,143300.00,Broker,East,Rejected
L0169,Submit application,2025-06-13 12:00:00,Portal,Mortgage,123600.00,Online,East,Approved
L0169,Check completeness,2025-06-14 03:27:00,Dana,Mortgage,123600.00,Online,East,Approved
L0169,Request documents,2025-06-14 05:51:00,Dana,Mortgage,123600.00,Online,East,Approved
L0169,Receive documents,2025-06-15 06:43:00,Dana,Mortgage,123600.00,Online,East,Approved
L0169,Assess credit,2025-06-17 05:30:00,Farah,Mortgage,123600.00,Online,East,Approved
L0169,Manual review,2025-06-19 19:07:00,Gil,Mortgage,123600.00,Online,East,Approved
L0169,Approve application,2025-06-20 02:05:00,Farah,Mortgage,123600.00,Online,East,Approved
L0169,Send offer,2025-06-20 09:07:00,Ana,Mortgage,123600.00,Online,East,Approved
L0169,Sign contract,2025-06-23 23:19:00,Ana,Mortgage,123600.00,Online,East,Approved
L0170,Submit application,2025-01-28 16:00:00,Portal,Auto,39500.00,Online,West,Approved
L0170,Check completeness,2025-01-29 09:26:00,Ana,Auto,39500.00,Online,West,Approved
L0170,Assess credit,2025-01-31 07:36:00,Farah,Auto,39500.00,Online,West,Approved
L0170,Approve application,2025-02-01 06:21:00,Farah,Auto,39500.00,Online,West,Approved
L0170,Send offer,2025-02-01 10:58:00,Chen,Auto,39500.00,Online,West,Approved
L0170,Sign contract,2025-02-04 02:22:00,Dana,Auto,39500.00,Online,West,Approved
L0171,Submit application,2025-06-08 09:00:00,Portal,Mortgage,273000.00,Online,South,Approved
L0171,Check completeness,2025-06-08 16:01:00,Dana,Mortgage,273000.00,Online,South,Approved
L0171,Assess credit,2025-06-10 09:45:00,Eli,Mortgage,273000.00,Online,South,Approved
L0171,Manual review,2025-06-12 07:39:00,Gil,Mortgage,273000.00,Online,South,Approved
L0171,Approve application,2025-06-13 02:28:00,Eli,Mortgage,273000.00,Online,South,Approved
L0171,Send offer,2025-06-13 08:03:00,Ana,Mortgage,273000.00,Online,South,Approved
L0171,Sign contract,2025-06-15 18:05:00,Dana,Mortgage,273000.00,Online,South,Approved
L0172,Submit application,2025-01-06 08:00:00,Chen,Personal,11600.00,Branch,South,Approved
L0172,Check completeness,2025-01-06 12:07:00,Chen,Personal,11600.00,Branch,South,Approved
L0172,Request documents,2025-01-06 15:10:00,Ben,Personal,11600.00,Branch,South,Approved
L0172,Receive documents,2025-01-08 04:42:00,Ben,Personal,11600.00,Branch,South,Approved
L0172,Assess credit,2025-01-08 11:05:00,Eli,Personal,11600.00,Branch,South,Approved
L0172,Approve application,2025-01-09 01:32:00,Farah,Personal,11600.00,Branch,South,Approved
L0172,Send offer,2025-01-09 03:44:00,Ana,Personal,11600.00,Branch,South,Approved
L0172,Sign contract,2025-01-10 22:59:00,Chen,Personal,11600.00,Branch,South,Approved
L0173,Submit application,2025-03-02 15:00:00,Portal,Personal,4600.00,Online,North,Approved
L0173,Check completeness,2025-03-03 04:09:00,Ana,Personal,4600.00,Online,North,Approved
L0173,Request documents,2025-03-03 08:26:00,Ben,Personal,4600.00,Online,North,Approved
L0173,Receive documents,2025-03-05 14:20:00,Dana,Personal,4600.00,Online,North,Approved
L0173,Assess credit,2025-03-07 05:22:00,Farah,Personal,4600.00,Online,North,Approved
L0173,Approve application,2025-03-07 16:03:00,Farah,Personal,4600.00,Online,North,Approved
L0173,Send offer,2025-03-07 19:57:00,Ben,Personal,4600.00,Online,North,Approved
L0173,Sign contract,2025-03-09 23:13:00,Chen,Personal,4600.00,Online,North,Approved
L0174,Submit application,2025-01-06 13:00:00,Portal,Personal,16500.00,Online,North,Approved
L0174,Check completeness,2025-01-06 15:07:00,Ben,Personal,16500.00,Online,North,Approved
L0174,Request documents,2025-01-06 16:31:00,Chen,Personal,16500.00,Online,North,Approved
L0174,Receive documents,2025-01-10 09:20:00,Chen,Personal,16500.00,Online,North,Approved
L0174,Assess credit,2025-01-10 23:06:00,Eli,Personal,16500.00,Online,North,Approved
L0174,Approve application,2025-01-11 17:31:00,Eli,Personal,16500.00,Online,North,Approved
L0174,Send offer,2025-01-11 20:26:00,Dana,Personal,16500.00,Online,North,Approved
L0174,Sign contract,2025-01-15 11:51:00,Ben,Personal,16500.00,Online,North,Approved
L0175,Submit application,2025-03-05 12:00:00,Chen,Personal,19700.00,Branch,West,Approved
L0175,Check completeness,2025-03-05 23:40:00,Dana,Personal,19700.00,Branch,West,Approved
L0175,Assess credit,2025-03-07 04:25:00,Farah,Personal,19700.00,Branch,West,Approved
L0175,Approve application,2025-03-07 20:32:00,Farah,Personal,19700.00,Branch,West,Approved
L0175,Send offer,2025-03-07 23:24:00,Ana,Personal,19700.00,Branch,West,Approved
L0175,Sign contract,2025-03-09 14:23:00,Dana,Personal,19700.00,Branch,West,Approved
L0176,Submit application,2025-04-18 08:00:00,Portal,Auto,22300.00,Online,West,Approved
L0176,Check completeness,2025-04-18 15:26:00,Chen,Auto,22300.00,Online,West,Approved
L0176,Request documents,2025-04-18 20:18:00,Chen,Auto,22300.00,Online,West,Approved
L0176,Receive documents,2025-04-21 17:03:00,Ana,Auto,22300.00,Online,West,Approved
L0176,Assess credit,2025-04-22 09:20:00,Farah,Auto,22300.00,Online,West,Approved
L0176,Approve application,2025-04-23 08:25:00,Farah,Auto,22300.00,Online,West,Approved
L0176,Send offer,2025-04-23 09:49:00,Dana,Auto,22300.00,Online,West,Approved
L0176,Sign contract,2025-04-26 07:37:00,Ana,Auto,22300.00,Online,West,Approved
L0177,Submit application,2025-01-10 09:00:00,Portal,Personal,8900.00,Online,South,Approved
L0177,Check completeness,2025-01-10 23:45:00,Dana,Personal,8900.00,Online,South,Approved
L0177,Request documents,2025-01-11 01:24:00,Chen,Personal,8900.00,Online,South,Approved
L0177,Receive documents,2025-01-13 11:14:00,Chen,Personal,8900.00,Online,South,Approved
L0177,Assess credit,2025-01-14 04:54:00,Eli,Personal,8900.00,Online,South,Approved
L0177,Approve application,2025-01-14 09:16:00,Eli,Personal,8900.00,Online,South,Approved
L0177,Send offer,2025-01-14 14:04:00,Dana,Personal,8900.00,Online,South,Approved
L0177,Sign contract,2025-01-17 23:05:00,Chen,Personal,8900.00,Online,South,Approved
L0178,Submit application,2025-06-05 11:00:00,Dana,Business,62300.00,Broker,East,Approved
L0178,Check completeness,2025-06-06 09:48:00,Chen,Business,62300.00,Broker,East,Approved
L0178,Assess credit,2025-06-07 13:09:00,Farah,Business,62300.00,Broker,East,Approved
L0178,Manual review,2025-06-08 21:33:00,Gil,Business,62300.00,Broker,East,Approved
L0178,Approve application,2025-06-09 21:14:00,Farah,Business,62300.00,Broker,East,Approved
L0178,Send offer,2025-06-10 03:23:00,Chen,Business,62300.00,Broker,East,Approved
L0178,Sign contract,2025-06-11 05:26:00,Dana,Business,62300.00,Broker,East,Approved
L0179,Submit application,2025-01-21 11:00:00,Chen,Personal,14700.00,Branch,West,Rejected
L0179,Check completeness,2025-01-22 00:34:00,Dana,Personal,14700.00,Branch,West,Rejected
L0179,Request documents,2025-01-22 03:48:00,Dana,Personal,14700.00,Branch,West,Rejected
L0179,Receive documents,2025-01-28 20:49:00,Dana,Personal,14700.00,Branch,West,Rejected
L0179,Assess credit,2025-01-29 12:57:00,Farah,Personal,14700.00,Branch,West,Rejected
L0179,Reject application,2025-01-30 13:32:00,Farah,Personal,14700.00,Branch,West,Rejected
L0180,Submit application,2025-04-05 13:00:00,Portal,Mortgage,264400.00,Online,South,Rejected
L0180,Check completeness,2025-04-05 21:53:00,Ana,Mortgage,264400.00,Online,South,Rejected
L0180,Request documents,2025-04-06 03:00:00,Chen,Mortgage,264400.00,Online,South,Rejected
L0180,Receive documents,2025-04-11 06:34:00,Ana,Mortgage,264400.00,Online,South,Rejected
L0180,Request documents,2025-04-11 08:23:00,Ben,Mortgage,264400.00,Online,South,Rejected
L0180,Receive documents,2025-04-17 22:13:00,Dana,Mortgage,264400.00,Online,South,Rejected
L0180,Assess credit,2025-04-19 13:58:00,Eli,Mortgage,264400.00,Online,South,Rejected
L0180,Manual review,2025-04-22 02:02:00,Gil,Mortgage,264400.00,Online,South,Rejected
L0180,Reject application,2025-04-23 03:46:00,Farah,Mortgage,264400.00,Online,South,Rejected
L0181,Submit application,2025-05-03 15:00:00,Portal,Mortgage,388800.00,Online,South,Approved
L0181,Check completeness,2025-05-04 14:01:00,Ana,Mortgage,388800.00,Online,South,Approved
L0181,Assess credit,2025-05-05 16:42:00,Eli,Mortgage,388800.00,Online,South,Approved
L0181,Manual review,2025-05-08 12:02:00,Gil,Mortgage,388800.00,Online,South,Approved
L0181,Approve application,2025-05-09 09:56:00,Farah,Mortgage,388800.00,Online,South,Approved
L0181,Send offer,2025-05-09 13:14:00,Ana,Mortgage,388800.00,Online,South,Approved
L0181,Sign contract,2025-05-11 18:22:00,Dana,Mortgage,388800.00,Online,South,Approved
L0182,Submit application,2025-05-08 16:00:00,Portal,Auto,14800.00,Online,West,Approved
L0182,Check completeness,2025-05-09 00:20:00,Ben,Auto,14800.00,Online,West,Approved
L0182,Assess credit,2025-05-10 11:57:00,Farah,Auto,14800.00,Online,West,Approved
L0182,Approve application,2025-05-11 03:15:00,Eli,Auto,14800.00,Online,West,Approved
L0182,Send offer,2025-05-11 10:54:00,Ana,Auto,14800.00,Online,West,Approved
L0182,Sign contract,2025-05-18 05:33:00,Dana,Auto,14800.00,Online,West,Approved
L0183,Submit application,2025-03-12 15:00:00,Portal,Personal,7700.00,Online,North,Approved
L0183,Check completeness,2025-03-12 23:35:00,Ana,Personal,7700.00,Online,North,Approved
L0183,Assess credit,2025-03-14 19:07:00,Farah,Personal,7700.00,Online,North,Approved
L0183,Approve application,2025-03-15 04:00:00,Eli,Personal,7700.00,Online,North,Approved
L0183,Send offer,2025-03-15 08:46:00,Ben,Personal,7700.00,Online,North,Approved
L0183,Sign contract,2025-03-17 09:11:00,Ben,Personal,7700.00,Online,North,Approved
L0184,Submit application,2025-01-08 10:00:00,Portal,Auto,39200.00,Online,East,Approved
L0184,Check completeness,2025-01-09 03:05:00,Ana,Auto,39200.00,Online,East,Approved
L0184,Assess credit,2025-01-09 13:30:00,Eli,Auto,39200.00,Online,East,Approved
L0184,Approve application,2025-01-10 11:51:00,Farah,Auto,39200.00,Online,East,Approved
L0184,Send offer,2025-01-10 13:10:00,Ben,Auto,39200.00,Online,East,Approved
L0184,Sign contract,2025-01-12 08:36:00,Chen,Auto,39200.00,Online,East,Approved
L0185,Submit application,2025-04-05 12:00:00,Portal,Mortgage,264400.00,Online,East,Approved
L0185,Check completeness,2025-04-05 20:25:00,Ben,Mortgage,264400.00,Online,East,Approved
L0185,Assess credit,2025-04-06 07:26:00,Eli,Mortgage,264400.00,Online,East,Approved
L0185,Manual review,2025-04-08 20:08:00,Gil,Mortgage,264400.00,Online,East,Approved
L0185,Approve application,2025-04-09 01:53:00,Eli,Mortgage,264400.00,Online,East,Approved
L0185,Send offer,2025-04-09 09:44:00,Ana,Mortgage,264400.00,Online,East,Approved
L0185,Sign contract,2025-04-10 12:02:00,Ana,Mortgage,264400.00,Online,East,Approved
L0186,Submit application,2025-04-24 09:00:00,Ben,Auto,20700.00,Branch,East,Approved
L0186,Check completeness,2025-04-24 23:11:00,Ben,Auto,20700.00,Branch,East,Approved
L0186,Assess credit,2025-04-26 09:22:00,Eli,Auto,20700.00,Branch,East,Approved
L0186,Approve application,2025-04-26 14:34:00,Eli,Auto,20700.00,Branch,East,Approved
L0186,Send offer,2025-04-26 19:50:00,Chen,Auto,20700.00,Branch,East,Approved
L0186,Sign contract,2025-04-28 03:33:00,Ben,Auto,20700.00,Branch,East,Approved
L0187,Submit application,2025-06-09 11:00:00,Ana,Personal,14800.00,Branch,West,Approved
L0187,Check completeness,2025-06-10 04:19:00,Dana,Personal,14800.00,Branch,West,Approved
L0187,Assess credit,2025-06-11 16:44:00,Eli,Personal,14800.00,Branch,West,Approved
L0187,Approve application,2025-06-12 12:28:00,Eli,Personal,14800.00,Branch,West,Approved
L0187,Send offer,2025-06-12 15:44:00,Dana,Personal,14800.00,Branch,West,Approved
L0187,Sign contract,2025-06-18 23:34:00,Dana,Personal,14800.00,Branch,West,Approved
L0188,Submit application,2025-01-21 08:00:00,Portal,Personal,15500.00,Online,East,Approved
L0188,Check completeness,2025-01-22 02:46:00,Chen,Personal,15500.00,Online,East,Approved
L0188,Assess credit,2025-01-23 17:59:00,Eli,Personal,15500.00,Online,East,Approved
L0188,Approve application,2025-01-23 22:17:00,Farah,Personal,15500.00,Online,East,Approved
L0188,Send offer,2025-01-24 02:09:00,Chen,Personal,15500.00,Online,East,Approved
L0188,Sign contract,2025-01-27 00:52:00,Ana,Personal,15500.00,Online,East,Approved
L0189,Submit application,2025-02-11 13:00:00,Portal,Personal,16200.00,Online,North,Approved
L0189,Check completeness,2025-02-11 20:48:00,Chen,Personal,16200.00,Online,North,Approved
L0189,Assess credit,2025-02-12 06:24:00,Eli,Personal,16200.00,Online,North,Approved
L0189,Approve application,2025-02-12 17:41:00,Eli,Personal,16200.00,Online,North,Approved
L0189,Send offer,2025-02-12 20:28:00,Dana,Personal,16200.00,Online,North,Approved
L0189,Sign contract,2025-02-15 18:10:00,Ana,Personal,16200.00,Online,North,Approved
L0190,Submit application,2025-02-27 09:00:00,Ben,Personal,2100.00,Broker,West,Rejected
L0190,Check completeness,2025-02-28 08:37:00,Dana,Personal,2100.00,Broker,West,Rejected
L0190,Reject application,2025-02-28 13:48:00,Ana,Personal,2100.00,Broker,West,Rejected
L0191,Submit application,2025-06-04 10:00:00,Portal,Personal,8100.00,Online,South,Approved
L0191,Check completeness,2025-06-04 22:43:00,Ben,Personal,8100.00,Online,South,Approved
L0191,Assess credit,2025-06-06 14:49:00,Farah,Personal,8100.00,Online,South,Approved
L0191,Approve application,2025-06-07 09:03:00,Eli,Personal,8100.00,Online,South,Approved
L0191,Send offer,2025-06-07 15:21:00,Ana,Personal,8100.00,Online,South,Approved
L0191,Sign contract,2025-06-11 00:27:00,Ben,Personal,8100.00,Online,South,Approved
L0192,Submit application,2025-05-19 13:00:00,Portal,Auto,18600.00,Online,East,Approved
L0192,Check completeness,2025-05-19 22:18:00,Ben,Auto,18600.00,Online,East,Approved
L0192,Assess credit,2025-05-21 17:51:00,Farah,Auto,18600.00,Online,East,Approved
L0192,Approve application,2025-05-22 00:41:00,Eli,Auto,18600.00,Online,East,Approved
L0192,Send offer,2025-05-22 02:08:00,Dana,Auto,18600.00,Online,East,Approved
L0192,Sign contract,2025-05-27 21:34:00,Chen,Auto,18600.00,Online,East,Approved
L0193,Submit application,2025-01-19 09:00:00,Portal,Mortgage,314600.00,Online,North,Rejected
L0193,Check completeness,2025-01-20 03:02:00,Ana,Mortgage,314600.00,Online,North,Rejected
L0193,Request documents,2025-01-20 06:29:00,Ana,Mortgage,314600.00,Online,North,Rejected
L0193,Receive documents,2025-01-28 03:39:00,Ben,Mortgage,314600.00,Online,North,Rejected
L0193,Assess credit,2025-01-28 19:46:00,Farah,Mortgage,314600.00,Online,North,Rejected
L0193,Manual review,2025-01-30 06:13:00,Gil,Mortgage,314600.00,Online,North,Rejected
L0193,Reject application,2025-01-31 00:05:00,Farah,Mortgage,314600.00,Online,North,Rejected
L0194,Submit application,2025-04-08 10:00:00,Dana,Auto,35000.00,Broker,West,Rejected
L0194,Check completeness,2025-04-08 12:04:00,Ben,Auto,35000.00,Broker,West,Rejected
L0194,Request documents,2025-04-08 17:52:00,Dana,Auto,35000.00,Broker,West,Rejected
L0194,Receive documents,2025-04-16 15:32:00,Dana,Auto,35000.00,Broker,West,Rejected
L0194,Request documents,2025-04-16 17:53:00,Chen,Auto,35000.00,Broker,West,Rejected
L0194,Receive documents,2025-04-20 19:55:00,Ana,Auto,35000.00,Broker,West,Rejected
L0194,Assess credit,2025-04-21 00:42:00,Farah,Auto,35000.00,Broker,West,Rejected
L0194,Reject application,2025-04-21 21:04:00,Eli,Auto,35000.00,Broker,West,Rejected
L0195,Submit application,2025-02-11 09:00:00,Ben,Personal,9700.00,Branch,South,Approved
L0195,Check completeness,2025-02-11 23:20:00,Chen,Personal,9700.00,Branch,South,Approved
L0195,Assess credit,2025-02-13 05:01:00,Eli,Personal,9700.00,Branch,South,Approved
L0195,Approve application,2025-02-14 00:45:00,Farah,Personal,9700.00,Branch,South,Approved
L0195,Send offer,2025-02-14 08:35:00,Dana,Personal,9700.00,Branch,South,Approved
L0195,Sign contract,2025-02-16 10:16:00,Chen,Personal,9700.00,Branch,South,Approved
L0196,Submit application,2025-06-17 13:00:00,Portal,Personal,5300.00,Online,West,Approved
L0196,Check completeness,2025-06-18 03:29:00,Ben,Personal,5300.00,Online,West,Approved
L0196,Assess credit,2025-06-19 18:49:00,Eli,Personal,5300.00,Online,West,Approved
L0196,Approve application,2025-06-19 23:55:00,Farah,Personal,5300.00,Online,West,Approved
L0196,Send offer,2025-06-20 07:23:00,Dana,Personal,5300.00,Online,West,Approved
L0196,Sign contract,2025-06-27 02:06:00,Ben,Personal,5300.00,Online,West,Approved
L0197,Submit application,2025-04-21 11:00:00,Portal,Auto,31600.00,Online,East,Approved
L0197,Check completeness,2025-04-22 07:54:00,Chen,Auto,31600.00,Online,East,Approved
L0197,Assess credit,2025-04-23 09:41:00,Farah,Auto,31600.00,Online,East,Approved
L0197,Approve application,2025-04-24 07:42:00,Eli,Auto,31600.00,Online,East,Approved
L0197,Send offer,2025-04-24 14:59:00,Ana,Auto,31600.00,Online,East,Approved
L0197,Sign contract,2025-05-01 12:18:00,Chen,Auto,31600.00,Online,East,Approved
L0198,Submit application,2025-04-09 15:00:00,Ben,Auto,24700.00,Branch,East,Approved
L0198,Check completeness,2025-04-09 22:35:00,Chen,Auto,24700.00,Branch,East,Approved
L0198,Request documents,2025-04-10 00:21:00,Chen,Auto,24700.00,Branch,East,Approved
L0198,Receive documents,2025-04-12 13:17:00,Chen,Auto,24700.00,Branch,East,Approved
L0198,Assess credit,2025-04-13 12:35:00,Farah,Auto,24700.00,Branch,East,Approved
L0198,Approve application,2025-04-14 00:08:00,Eli,Auto,24700.00,Branch,East,Approved
L0198,Send offer,2025-04-14 04:08:00,Chen,Auto,24700.00,Branch,East,Approved
L0198,Sign contract,2025-04-19 11:05:00,Ben,Auto,24700.00,Branch,East,Approved
L0199,Submit application,2025-01-10 11:00:00,Chen,Mortgage,271600.00,Branch,South,Approved
L0199,Check completeness,2025-01-11 01:32:00,Ben,Mortgage,271600.00,Branch,South,Approved
L0199,Assess credit,2025-01-11 12:20:00,Eli,Mortgage,271600.00,Branch,South,Approved
L0199,Manual review,2025-01-12 19:36:00,Gil,Mortgage,271600.00,Branch,South,Approved
L0199,Approve application,2025-01-13 10:30:00,Farah,Mortgage,271600.00,Branch,South,Approved
L0199,Send offer,2025-01-13 17:21:00,Dana,Mortgage,271600.00,Branch,South,Approved
L0199,Sign contract,2025-01-19 02:42:00,Chen,Mortgage,271600.00,Branch,South,Approved
L0200,Submit application,2025-01-14 14:00:00,Ben,Personal,9400.00,Branch,North,Approved
L0200,Check completeness,2025-01-14 21:16:00,Dana,Personal,9400.00,Branch,North,Approved
L0200,Assess credit,2025-01-15 07:34:00,Farah,Personal,9400.00,Branch,North,Approved
L0200,Approve application,2025-01-15 18:38:00,Farah,Personal,9400.00,Branch,North,Approved
L0200,Send offer,2025-01-15 21:06:00,Dana,Personal,9400.00,Branch,North,Approved
L0200,Sign contract,2025-01-18 00:19:00,Ben,Personal,9400.00,Branch,North,Approved
L0201,Submit application,2025-03-18 13:00:00,Portal,Mortgage,237200.00,Online,South,Approved
L0201,Check completeness,2025-03-19 05:56:00,Chen,Mortgage,237200.00,Online,South,Approved
L0201,Assess credit,2025-03-21 03:34:00,Farah,Mortgage,237200.00,Online,South,Approved
L0201,Manual review,2025-03-23 09:00:00,Gil,Mortgage,237200.00,Online,South,Approved
L0201,Approve application,2025-03-23 16:26:00,Farah,Mortgage,237200.00,Online,South,Approved
L0201,Send offer,2025-03-23 22:06:00,Chen,Mortgage,237200.00,Online,South,Approved
L0201,Sign contract,2025-03-26 02:35:00,Dana,Mortgage,237200.00,Online,South,Approved
L0202,Submit application,2025-06-23 12:00:00,Dana,Personal,3400.00,Broker,South,Rejected
L0202,Check completeness,2025-06-23 15:44:00,Ben,Personal,3400.00,Broker,South,Rejected
L0202,Request documents,2025-06-23 19:56:00,Chen,Personal,3400.00,Broker,South,Rejected
L0202,Receive documents,2025-06-27 04:22:00,Dana,Personal,3400.00,Broker,South,Rejected
L0202,Request documents,2025-06-27 08:57:00,Ben,Personal,3400.00,Broker,South,Rejected
L0202,Receive documents,2025-07-07 04:37:00,Ben,Personal,3400.00,Broker,South,Rejected
L0202,Request documents,2025-07-07 08:48:00,Ben,Personal,3400.00,Broker,South,Rejected
L0202,Receive documents,2025-07-16 04:20:00,Chen,Personal,3400.00,Broker,South,Rejected
L0202,Assess credit,2025-07-18 00:36:00,Farah,Personal,3400.00,Broker,South,Rejected
L0202,Reject application,2025-07-19 21:18:00,Farah,Personal,3400.00,Broker,South,Rejected
L0203,Submit application,2025-02-21 09:00:00,Portal,Personal,19200.00,Online,East,Rejected
L0203,Check completeness,2025-02-22 07:13:00,Ben,Personal,19200.00,Online,East,Rejected
L0203,Reject application,2025-02-22 12:04:00,Ben,Personal,19200.00,Online,East,Rejected
L0204,Submit application,2025-05-28 12:00:00,Portal,Mortgage,113100.00,Online,South,Rejected
L0204,Check completeness,2025-05-29 06:23:00,Ben,Mortgage,113100.00,Online,South,Rejected
L0204,Reject application,2025-05-29 14:11:00,Ben,Mortgage,113100.00,Online,South,Rejected
L0205,Submit application,2025-05-05 16:00:00,Portal,Mortgage,300800.00,Online,East,Rejected
L0205,Check completeness,2025-05-06 00:08:00,Dana,Mortgage,300800.00,Online,East,Rejected
L0205,Reject application,2025-05-06 07:17:00,Dana,Mortgage,300800.00,Online,East,Rejected
L0206,Submit application,2025-04-05 10:00:00,Portal,Personal,15700.00,Online,West,Approved
L0206,Check completeness,2025-04-05 14:06:00,Ben,Personal,15700.00,Online,West,Approved
L0206,Request documents,2025-04-05 18:51:00,Dana,Personal,15700.00,Online,West,Approved
L0206,Receive documents,2025-04-08 08:22:00,Chen,Personal,15700.00,Online,West,Approved
L0206,Assess credit,2025-04-10 03:56:00,Eli,Personal,15700.00,Online,West,Approved
L0206,Approve application,2025-04-10 12:32:00,Eli,Personal,15700.00,Online,West,Approved
L0206,Send offer,2025-04-10 14:43:00,Dana,Personal,15700.00,Online,West,Approved
L0206,Sign contract,2025-04-16 16:54:00,Ben,Personal,15700.00,Online,West,Approved
L0207,Submit application,2025-06-16 10:00:00,Portal,Auto,27200.00,Online,East,Approved
L0207,Check completeness,2025-06-16 20:13:00,Ana,Auto,27200.00,Online,East,Approved
L0207,Assess credit,2025-06-18 10:17:00,Eli,Auto,27200.00,Online,East,Approved
L0207,Approve application,2025-06-18 23:43:00,Farah,Auto,27200.00,Online,East,Approved
L0207,Send offer,2025-06-19 06:25:00,Ana,Auto,27200.00,Online,East,Approved
L0207,Sign contract,2025-06-24 00:04:00,Ana,Auto,27200.00,Online,East,Approved
L0208,Submit application,2025-03-27 12:00:00,Ben,Personal,2600.00,Broker,West,Approved
L0208,Check completeness,2025-03-27 15:48:00,Dana,Personal,2600.00,Broker,West,Approved
L0208,Assess credit,2025-03-28 19:22:00,Farah,Personal,2600.00,Broker,West,Approved
L0208,Approve application,2025-03-29 09:35:00,Farah,Personal,2600.00,Broker,West,Approved
L0208,Send offer,2025-03-29 14:08:00,Chen,Personal,2600.00,Broker,West,Approved
L0208,Sign contract,2025-04-03 03:46:00,Ana,Personal,2600.00,Broker,West,Approved
L0209,Submit application,2025-05-16 09:00:00,Portal,Personal,9400.00,Online,East,Approved
L0209,Check completeness,2025-05-17 02:55:00,Chen,Personal,9400.00,Online,East,Approved
L0209,Assess credit,2025-05-17 16:56:00,Farah,Personal,9400.00,Online,East,Approved
L0209,Approve application,2025-05-18 08:39:00,Eli,Personal,9400.00,Online,East,Approved
L0209,Send offer,2025-05-18 11:02:00,Chen,Personal,9400.00,Online,East,Approved
L0209,Sign contract,2025-05-19 12:31:00,Dana,Personal,9400.00,Online,East,Approved
L0210,Submit application,2025-03-28 14:00:00,Dana,Personal,11700.00,Branch,West,Approved
L0210,Check completeness,2025-03-29 09:30:00,Ana,Personal,11700.00,Branch,West,Approved
L0210,Assess credit,2025-03-30 05:58:00,Eli,Personal,11700.00,Branch,West,Approved
L0210,Approve application,2025-03-30 17:47:00,Farah,Personal,11700.00,Branch,West,Approved
L0210,Send offer,2025-03-31 01:32:00,Ben,Personal,11700.00,Branch,West,Approved
L0210,Sign contract,2025-04-04 11:28:00,Ana,Personal,11700.00,Branch,West,Approved
L0211,Submit application,2025-01-18 08:00:00,Portal,Auto,18900.00,Online,South,Rejected
L0211,Check completeness,2025-01-18 22:19:00,Ana,Auto,18900.00,Online,South,Rejected
L0211,Request documents,2025-01-19 04:04:00,Chen,Auto,18900.00,Online,South,Rejected
L0211,Receive documents,2025-01-27 13:15:00,Chen,Auto,18900.00,Online,South,Rejected
L0211,Request documents,2025-01-27 16:53:00,Ben,Auto,18900.00,Online,South,Rejected
L0211,Receive documents,2025-02-05 12:08:00,Ana,Auto,18900.00,Online,South,Rejected
L0211,Assess credit,2025-02-07 05:09:00,Eli,Auto,18900.00,Online,South,Rejected
L0211,Reject application,2025-02-07 15:24:00,Farah,Auto,18900.00,Online,South,Rejected
L0212,Submit application,2025-02-24 09:00:00,Dana,Personal,16500.00,Branch,East,Approved
L0212,Check completeness,2025-02-25 03:04:00,Chen,Personal,16500.00,Branch,East,Approved
L0212,Assess credit,2025-02-26 20:36:00,Farah,Personal,16500.00,Branch,East,Approved
L0212,Approve application,2025-02-27 11:30:00,Eli,Personal,16500.00,Branch,East,Approved
L0212,Send offer,2025-02-27 18:14:00,Dana,Personal,16500.00,Branch,East,Approved
L0212,Sign contract,2025-03-02 18:23:00,Dana,Personal,16500.00,Branch,East,Approved
L0213,Submit application,2025-05-23 08:00:00,Dana,Personal,19200.00,Branch,North,Approved
L0213,Check completeness,2025-05-23 14:01:00,Dana,Personal,19200.00,Branch,North,Approved
L0213,Assess credit,2025-05-23 19:45:00,Eli,Personal,19200.00,Branch,North,Approved
L0213,Approve application,2025-05-24 08:25:00,Farah,Personal,19200.00,Branch,North,Approved
L0213,Send offer,2025-05-24 11:58:00,Dana,Personal,19200.00,Branch,North,Approved
L0213,Sign contract,2025-05-31 10:04:00,Chen,Personal,19200.00,Branch,North,Approved
L0214,Submit application,2025-03-31 16:00:00,Dana,Personal,8200.00,Branch,North,Approved
L0214,Check completeness,2025-03-31 21:50:00,Ana,Personal,8200.00,Branch,North,Approved
L0214,Assess credit,2025-04-02 18:30:00,Eli,Personal,8200.00,Branch,North,Approved
L0214,Approve application,2025-04-03 14:43:00,Farah,Personal,8200.00,Branch,North,Approved
L0214,Send offer,2025-04-03 20:12:00,Ana,Personal,8200.00,Branch,North,Approved
L0214,Sign contract,2025-04-06 18:06:00,Ana,Personal,8200.00,Branch,North,Approved
L0215,Submit application,2025-04-21 14:00:00,Dana,Business,56700.00,Branch,East,Approved
L0215,Check completeness,2025-04-21 22:08:00,Ben,Business,56700.00,Branch,East,Approved
L0215,Assess credit,2025-04-23 15:14:00,Eli,Business,56700.00,Branch,East,Approved
L0215,Manual review,2025-04-25 12:17:00,Gil,Business,56700.00,Branch,East,Approved
L0215,Approve application,2025-04-26 04:26:00,Eli,Business,56700.00,Branch,East,Approved
L0215,Send offer,2025-04-26 05:59:00,Ana,Business,56700.00,Branch,East,Approved
L0215,Sign contract,2025-04-27 21:31:00,Ana,Business,56700.00,Branch,East,Approved
L0216,Submit application,2025-04-07 09:00:00,Portal,Business,53400.00,Online,South,Rejected
L0216,Check completeness,2025-04-07 22:37:00,Ana,Business,53400.00,Online,South,Rejected
L0216,Request documents,2025-04-08 00:33:00,Ana,Business,53400.00,Online,South,Rejected
L0216,Receive documents,2025-04-13 13:28:00,Dana,Business,53400.00,Online,South,Rejected
L0216,Request documents,2025-04-13 15:36:00,Chen,Business,53400.00,Online,South,Rejected
L0216,Receive documents,2025-04-19 03:40:00,Chen,Business,53400.00,Online,South,Rejected
L0216,Assess credit,2025-04-19 08:37:00,Farah,Business,53400.00,Online,South,Rejected
L0216,Manual review,2025-04-20 15:08:00,Gil,Business,53400.00,Online,South,Rejected
L0216,Reject application,2025-04-21 03:12:00,Farah,Business,53400.00,Online,South,Rejected
L0217,Submit application,2025-05-11 11:00:00,Chen,Mortgage,310100.00,Broker,North,Rejected
L0217,Check completeness,2025-05-12 03:51:00,Chen,Mortgage,310100.00,Broker,North,Rejected
L0217,Request documents,2025-05-12 09:20:00,Ben,Mortgage,310100.00,Broker,North,Rejected
L0217,Receive documents,2025-05-21 11:31:00,Chen,Mortgage,310100.00,Broker,North,Rejected
L0217,Request documents,2025-05-21 15:29:00,Chen,Mortgage,310100.00,Broker,North,Rejected
L0217,Receive documents,2025-05-31 06:10:00,Ana,Mortgage,310100.00,Broker,North,Rejected
L0217,Assess credit,2025-06-01 13:54:00,Eli,Mortgage,310100.00,Broker,North,Rejected
L0217,Manual review,2025-06-03 05:26:00,Gil,Mortgage,310100.00,Broker,North,Rejected
L0217,Reject application,2025-06-05 00:08:00,Eli,Mortgage,310100.00,Broker,North,Rejected
L0218,Submit application,2025-04-23 10:00:00,Ben,Auto,31200.00,Branch,West,Rejected
L0218,Check completeness,2025-04-24 06:22:00,Chen,Auto,31200.00,Branch,West,Rejected
L0218,Reject application,2025-04-24 13:21:00,Chen,Auto,31200.00,Branch,West,Rejected
L0219,Submit application,2025-01-16 16:00:00,Portal,Personal,7100.00,Online,East,Approved
L0219,Check completeness,2025-01-17 15:10:00,Dana,Personal,7100.00,Online,East,Approved
L0219,Assess credit,2025-01-18 22:30:00,Eli,Personal,7100.00,Online,East,Approved
L0219,Approve application,2025-01-19 03:04:00,Eli,Personal,7100.00,Online,East,Approved
L0219,Send offer,2025-01-19 10:10:00,Ben,Personal,7100.00,Online,East,Approved
L0219,Sign contract,2025-01-23 08:29:00,Ben,Personal,7100.00,Online,East,Approved
L0220,Submit application,2025-04-08 12:00:00,Portal,Personal,6400.00,Online,West,Approved
L0220,Check completeness,2025-04-08 14:06:00,Ben,Personal,6400.00,Online,West,Approved
L0220,Assess credit,2025-04-09 14:44:00,Farah,Personal,6400.00,Online,West,Approved
L0220,Approve application,2025-04-10 03:20:00,Eli,Personal,6400.00,Online,West,Approved
L0220,Send offer,2025-04-10 05:46:00,Dana,Personal,6400.00,Online,West,Approved
L0220,Sign contract,2025-04-11 07:20:00,Chen,Personal,6400.00,Online,West,Approved
L0221,Submit application,2025-02-16 11:00:00,Ana,Mortgage,271800.00,Branch,West,Rejected
L0221,Check completeness,2025-02-17 06:24:00,Ana,Mortgage,271800.00,Branch,West,Rejected
L0221,Request documents,2025-02-17 08:54:00,Ana,Mortgage,271800.00,Branch,West,Rejected
L0221,Receive documents,2025-02-22 12:41:00,Dana,Mortgage,271800.00,Branch,West,Rejected
L0221,Assess credit,2025-02-23 09:13:00,Farah,Mortgage,271800.00,Branch,West,Rejected
L0221,Manual review,2025-02-25 03:39:00,Gil,Mortgage,271800.00,Branch,West,Rejected
L0221,Reject application,2025-02-26 19:11:00,Farah,Mortgage,271800.00,Branch,West,Rejected
L0222,Submit application,2025-04-13 11:00:00,Ana,Auto,22500.00,Branch,North,Approved
L0222,Check completeness,2025-04-14 03:56:00,Ana,Auto,22500.00,Branch,North,Approved
L0222,Assess credit,2025-04-14 22:12:00,Eli,Auto,22500.00,Branch,North,Approved
L0222,Approve application,2025-04-15 06:46:00,Farah,Auto,22500.00,Branch,North,Approved
L0222,Send offer,2025-04-15 07:48:00,Ben,Auto,22500.00,Branch,North,Approved
L0222,Sign contract,2025-04-17 02:30:00,Dana,Auto,22500.00,Branch,North,Approved
L0223,Submit application,2025-01-07 09:00:00,Dana,Auto,17400.00,Branch,North,Approved
L0223,Check completeness,2025-01-07 17:15:00,Chen,Auto,17400.00,Branch,North,Approved
L0223,Assess credit,2025-01-09 06:57:00,Farah,Auto,17400.00,Branch,North,Approved
L0223,Approve application,2025-01-09 13:33:00,Farah,Auto,17400.00,Branch,North,Approved
L0223,Send offer,2025-01-09 15:52:00,Dana,Auto,17400.00,Branch,North,Approved
L0223,Sign contract,2025-01-14 01:28:00,Ben,Auto,17400.00,Branch,North,Approved
L0224,Submit application,2025-04-27 13:00:00,Ben,Personal,16100.00,Branch,West,Rejected
L0224,Check completeness,2025-04-27 17:13:00,Chen,Personal,16100.00,Branch,West,Rejected
L0224,Request documents,2025-04-27 21:00:00,Ana,Personal,16100.00,Branch,West,Rejected
L0224,Receive documents,2025-05-04 08:39:00,Dana,Personal,16100.00,Branch,West,Rejected
L0224,Assess credit,2025-05-06 04:54:00,Farah,Personal,16100.00,Branch,West,Rejected
L0224,Reject application,2025-05-07 16:40:00,Eli,Personal,16100.00,Branch,West,Rejected
L0225,Submit application,2025-06-20 09:00:00,Dana,Personal,18800.00,Broker,East,Rejected
L0225,Check completeness,2025-06-20 20:22:00,Ben,Personal,18800.00,Broker,East,Rejected
L0225,Request documents,2025-06-21 01:48:00,Ana,Personal,18800.00,Broker,East,Rejected
L0225,Receive documents,2025-06-24 13:53:00,Ben,Personal,18800.00,Broker,East,Rejected
L0225,Request documents,2025-06-24 15:56:00,Ana,Personal,18800.00,Broker,East,Rejected
L0225,Receive documents,2025-06-30 00:46:00,Dana,Personal,18800.00,Broker,East,Rejected
L0225,Request documents,2025-06-30 04:14:00,Ben,Personal,18800.00,Broker,East,Rejected
L0225,Receive documents,2025-07-06 09:27:00,Dana,Personal,18800.00,Broker,East,Rejected
L0225,Assess credit,2025-07-07 11:02:00,Farah,Personal,18800.00,Broker,East,Rejected
L0225,Reject application,2025-07-08 19:00:00,Farah,Personal,18800.00,Broker,East,Rejected
L0226,Submit application,2025-06-11 13:00:00,Chen,Personal,10500.00,Branch,South,Approved
L0226,Check completeness,2025-06-12 01:54:00,Ben,Personal,10500.00,Branch,South,Approved
L0226,Assess credit,2025-06-12 19:49:00,Eli,Personal,10500.00,Branch,South,Approved
L0226,Approve application,2025-06-13 04:24:00,Farah,Personal,10500.00,Branch,South,Approved
L0226,Send offer,2025-06-13 11:50:00,Dana,Personal,10500.00,Branch,South,Approved
L0226,Sign contract,2025-06-19 20:50:00,Dana,Personal,10500.00,Branch,South,Approved
L0227,Submit application,2025-04-18 13:00:00,Portal,Business,137100.00,Online,North,Approved
L0227,Check completeness,2025-04-18 17:08:00,Chen,Business,137100.00,Online,North,Approved
L0227,Assess credit,2025-04-19 18:17:00,Farah,Business,137100.00,Online,North,Approved
L0227,Manual review,2025-04-20 22:51:00,Gil,Business,137100.00,Online,North,Approved
L0227,Approve application,2025-04-21 18:11:00,Farah,Business,137100.00,Online,North,Approved
L0227,Send offer,2025-04-21 19:14:00,Ana,Business,137100.00,Online,North,Approved
L0227,Sign contract,2025-04-28 18:52:00,Dana,Business,137100.00,Online,North,Approved
L0228,Submit application,2025-02-26 11:00:00,Ben,Personal,14600.00,Broker,North,Rejected
L0228,Check completeness,2025-02-26 17:58:00,Ben,Personal,14600.00,Broker,North,Rejected
L0228,Reject application,2025-02-27 00:28:00,Chen,Personal,14600.00,Broker,North,Rejected
L0229,Submit application,2025-03-30 08:00:00,Portal,Auto,19300.00,Online,South,Approved
L0229,Check completeness,2025-03-30 19:25:00,Ana,Auto,19300.00,Online,South,Approved
L0229,Assess credit,2025-03-31 01:23:00,Eli,Auto,19300.00,Online,South,Approved
L0229,Approve application,2025-03-31 17:50:00,Farah,Auto,19300.00,Online,South,Approved
L0229,Send offer,2025-03-31 19:12:00,Ana,Auto,19300.00,Online,South,Approved
L0229,Sign contract,2025-04-01 23:24:00,Ana,Auto,19300.00,Online,South,Approved
L0230,Submit application,2025-05-10 08:00:00,Portal,Mortgage,224400.00,Online,South,Approved
L0230,Check completeness,2025-05-10 17:22:00,Chen,Mortgage,224400.00,Online,South,Approved
L0230,Assess credit,2025-05-11 08:04:00,Farah,Mortgage,224400.00,Online,South,Approved
L0230,Manual review,2025-05-12 11:01:00,Gil,Mortgage,224400.00,Online,South,Approved
L0230,Approve application,2025-05-12 20:21:00,Farah,Mortgage,224400.00,Online,South,Approved
L0230,Send offer,2025-05-13 03:38:00,Ben,Mortgage,224400.00,Online,South,Approved
L0230,Sign contract,2025-05-14 14:37:00,Chen,Mortgage,224400.00,Online,South,Approved
L0231,Submit application,2025-02-22 10:00:00,Ben,Auto,8600.00,Branch,East,Approved
L0231,Check completeness,2025-02-23 06:01:00,Ben,Auto,8600.00,Branch,East,Approved
L0231,Assess credit,2025-02-24 18:38:00,Eli,Auto,8600.00,Branch,East,Approved
L0231,Approve application,2025-02-25 17:34:00,Farah,Auto,8600.00,Branch,East,Approved
L0231,Send offer,2025-02-25 20:48:00,Dana,Auto,8600.00,Branch,East,Approved
L0231,Sign contract,2025-03-04 16:09:00,Chen,Auto,8600.00,Branch,East,Approved
L0232,Submit application,2025-03-27 11:00:00,Chen,Mortgage,246000.00,Broker,East,Rejected
L0232,Check completeness,2025-03-28 04:46:00,Dana,Mortgage,246000.00,Broker,East,Rejected
L0232,Request documents,2025-03-28 06:04:00,Chen,Mortgage,246000.00,Broker,East,Rejected
L0232,Receive documents,2025-04-03 19:05:00,Ben,Mortgage,246000.00,Broker,East,Rejected
L0232,Request documents,2025-04-03 23:38:00,Ben,Mortgage,246000.00,Broker,East,Rejected
L0232,Receive documents,2025-04-07 18:43:00,Dana,Mortgage,246000.00,Broker,East,Rejected
L0232,Assess credit,2025-04-08 01:40:00,Eli,Mortgage,246000.00,Broker,East,Rejected
L0232,Manual review,2025-04-09 16:30:00,Gil,Mortgage,246000.00,Broker,East,Rejected
L0232,Reject application,2025-04-10 11:56:00,Farah,Mortgage,246000.00,Broker,East,Rejected
L0233,Submit application,2025-01-07 08:00:00,Dana,Business,29100.00,Branch,South,Approved
L0233,Check completeness,2025-01-08 00:15:00,Ana,Business,29100.00,Branch,South,Approved
L0233,Assess credit,2025-01-09 10:17:00,Eli,Business,29100.00,Branch,South,Approved
L0233,Approve application,2025-01-09 23:41:00,Eli,Business,29100.00,Branch,South,Approved
L0233,Send offer,2025-01-10 03:54:00,Dana,Business,29100.00,Branch,South,Approved
L0233,Sign contract,2025-01-14 08:14:00,Chen,Business,29100.00,Branch,South,Approved
L0234,Submit application,2025-06-27 14:00:00,Ana,Personal,6400.00,Branch,South,Approved
L0234,Check completeness,2025-06-28 09:49:00,Dana,Personal,6400.00,Branch,South,Approved
L0234,Request documents,2025-06-28 11:49:00,Chen,Personal,6400.00,Branch,South,Approved
L0234,Receive documents,2025-07-01 16:11:00,Dana,Personal,6400.00,Branch,South,Approved
L0234,Assess credit,2025-07-03 03:01:00,Farah,Personal,6400.00,Branch,South,Approved
L0234,Approve application,2025-07-03 14:08:00,Farah,Personal,6400.00,Branch,South,Approved
L0234,Send offer,2025-07-03 19:17:00,Ben,Personal,6400.00,Branch,South,Approved
L0234,Sign contract,2025-07-08 17:56:00,Ben,Personal,6400.00,Branch,South,Approved
L0235,Submit application,2025-01-20 08:00:00,Portal,Personal,16300.00,Online,West,Rejected
L0235,Check completeness,2025-01-20 20:12:00,Chen,Personal,16300.00,Online,West,Rejected
L0235,Request documents,2025-01-21 00:39:00,Ana,Personal,16300.00,Online,West,Rejected
L0235,Receive documents,2025-01-25 18:37:00,Ben,Personal,16300.00,Online,West,Rejected
L0235,Request documents,2025-01-26 00:24:00,Dana,Personal,16300.00,Online,West,Rejected
L0235,Receive documents,2025-02-04 04:38:00,Dana,Personal,16300.00,Online,West,Rejected
L0235,Assess credit,2025-02-04 19:13:00,Eli,Personal,16300.00,Online,West,Rejected
L0235,Reject application,2025-02-05 23:54:00,Eli,Personal,16300.00,Online,West,Rejected
L0236,Submit application,2025-03-22 10:00:00,Portal,Personal,3800.00,Online,West,Approved
L0236,Check completeness,2025-03-23 06:52:00,Dana,Personal,3800.00,Online,West,Approved
L0236,Assess credit,2025-03-23 15:41:00,Eli,Personal,3800.00,Online,West,Approved
L0236,Approve application,2025-03-24 03:45:00,Farah,Personal,3800.00,Online,West,Approved
L0236,Send offer,2025-03-24 07:16:00,Chen,Personal,3800.00,Online,West,Approved
L0236,Sign contract,2025-03-27 09:44:00,Ben,Personal,3800.00,Online,West,Approved
L0237,Submit application,2025-04-18 11:00:00,Portal,Personal,9100.00,Online,West,Approved
L0237,Check completeness,2025-04-19 00:32:00,Ben,Personal,9100.00,Online,West,Approved
L0237,Assess credit,2025-04-19 16:03:00,Eli,Personal,9100.00,Online,West,Approved
L0237,Approve application,2025-04-20 05:29:00,Eli,Personal,9100.00,Online,West,Approved
L0237,Send offer,2025-04-20 09:54:00,Chen,Personal,9100.00,Online,West,Approved
L0237,Sign contract,2025-04-26 05:17:00,Dana,Personal,9100.00,Online,West,Approved
L0238,Submit application,2025-01-25 09:00:00,Portal,Personal,13400.00,Online,West,Approved
L0238,Check completeness,2025-01-25 11:22:00,Ben,Personal,13400.00,Online,West,Approved
L0238,Assess credit,2025-01-26 21:48:00,Farah,Personal,13400.00,Online,West,Approved
L0238,Approve application,2025-01-27 15:45:00,Eli,Personal,13400.00,Online,West,Approved
L0238,Send offer,2025-01-27 19:56:00,Ben,Personal,13400.00,Online,West,Approved
L0238,Sign contract,2025-02-01 19:26:00,Ben,Personal,13400.00,Online,West,Approved
L0239,Submit application,2025-01-26 08:00:00,Chen,Mortgage,242900.00,Branch,North,Approved
L0239,Check completeness,2025-01-26 12:10:00,Ana,Mortgage,242900.00,Branch,North,Approved
L0239,Request documents,2025-01-26 13:26:00,Ana,Mortgage,242900.00,Branch,North,Approved
L0239,Receive documents,2025-01-30 00:46:00,Dana,Mortgage,242900.00,Branch,North,Approved
L0239,Assess credit,2025-01-31 05:20:00,Eli,Mortgage,242900.00,Branch,North,Approved
L0239,Manual review,2025-02-01 09:07:00,Gil,Mortgage,242900.00,Branch,North,Approved
L0239,Approve application,2025-02-01 19:37:00,Farah,Mortgage,242900.00,Branch,North,Approved
L0239,Send offer,2025-02-01 22:35:00,Chen,Mortgage,242900.00,Branch,North,Approved
L0239,Sign contract,2025-02-07 21:11:00,Ben,Mortgage,242900.00,Branch,North,Approved
L0240,Submit application,2025-04-08 12:00:00,Chen,Business,109200.00,Branch,West,Approved
L0240,Check completeness,2025-04-08 22:52:00,Dana,Business,109200.00,Branch,West,Approved
L0240,Assess credit,2025-04-10 12:11:00,Eli,Business,109200.00,Branch,West,Approved
L0240,Manual review,2025-04-12 00:21:00,Gil,Business,109200.00,Branch,West,Approved
L0240,Approve application,2025-04-12 21:44:00,Farah,Business,109200.00,Branch,West,Approved
L0240,Send offer,2025-04-13 01:15:00,Ana,Business,109200.00,Branch,West,Approved
L0240,Sign contract,2025-04-18 11:21:00,Dana,Business,109200.00,Branch,West,Approved
L0241,Submit application,2025-01-16 11:00:00,Dana,Personal,15700.00,Broker,North,Approved
L0241,Check completeness,2025-01-16 15:08:00,Dana,Personal,15700.00,Broker,North,Approved
L0241,Assess credit,2025-01-17 05:01:00,Eli,Personal,15700.00,Broker,North,Approved
L0241,Approve application,2025-01-17 16:14:00,Eli,Personal,15700.00,Broker,North,Approved
L0241,Send offer,2025-01-17 19:50:00,Dana,Personal,15700.00,Broker,North,Approved
L0241,Sign contract,2025-01-20 09:23:00,Chen,Personal,15700.00,Broker,North,Approved
L0242,Submit application,2025-01-17 15:00:00,Portal,Auto,34500.00,Online,West,Approved
L0242,Check completeness,2025-01-17 22:59:00,Ben,Auto,34500.00,Online,West,Approved
L0242,Assess credit,2025-01-18 04:20:00,Eli,Auto,34500.00,Online,West,Approved
L0242,Approve application,2025-01-18 09:38:00,Farah,Auto,34500.00,Online,West,Approved
L0242,Send offer,2025-01-18 17:23:00,Dana,Auto,34500.00,Online,West,Approved
L0242,Sign contract,2025-01-19 23:46:00,Dana,Auto,34500.00,Online,West,Approved
L0243,Submit application,2025-01-30 11:00:00,Portal,Personal,7200.00,Online,West,Approved
L0243,Check completeness,2025-01-30 20:30:00,Ana,Personal,7200.00,Online,West,Approved
L0243,Request documents,2025-01-31 00:19:00,Ben,Personal,7200.00,Online,West,Approved
L0243,Receive documents,2025-02-02 22:18:00,Ana,Personal,7200.00,Online,West,Approved
L0243,Assess credit,2025-02-04 00:45:00,Eli,Personal,7200.00,Online,West,Approved
L0243,Approve application,2025-02-04 21:03:00,Eli,Personal,7200.00,Online,West,Approved
L0243,Send offer,2025-02-04 23:09:00,Ben,Personal,7200.00,Online,West,Approved
L0243,Sign contract,2025-02-10 17:24:00,Chen,Personal,7200.00,Online,West,Approved
L0244,Submit application,2025-04-06 12:00:00,Ana,Auto,32700.00,Branch,West,Approved
L0244,Check completeness,2025-04-07 03:31:00,Dana,Auto,32700.00,Branch,West,Approved
L0244,Assess credit,2025-04-09 03:20:00,Eli,Auto,32700.00,Branch,West,Approved
L0244,Approve application,2025-04-10 00:00:00,Eli,Auto,32700.00,Branch,West,Approved
L0244,Send offer,2025-04-10 05:54:00,Ben,Auto,32700.00,Branch,West,Approved
L0244,Sign contract,2025-04-14 04:09:00,Dana,Auto,32700.00,Branch,West,Approved
L0245,Submit application,2025-03-20 08:00:00,Portal,Auto,36000.00,Online,West,Approved
L0245,Check completeness,2025-03-21 07:05:00,Chen,Auto,36000.00,Online,West,Approved
L0245,Request documents,2025-03-21 10:25:00,Ben,Auto,36000.00,Online,West,Approved
L0245,Receive documents,2025-03-24 23:05:00,Ben,Auto,36000.00,Online,West,Approved
L0245,Assess credit,2025-03-25 10:10:00,Farah,Auto,36000.00,Online,West,Approved
L0245,Approve application,2025-03-25 18:07:00,Farah,Auto,36000.00,Online,West,Approved
L0245,Send offer,2025-03-25 19:11:00,Chen,Auto,36000.00,Online,West,Approved
L0245,Sign contract,2025-03-27 20:22:00,Ben,Auto,36000.00,Online,West,Approved
L0246,Submit application,2025-01-11 08:00:00,Ben,Personal,11400.00,Branch,East,Approved
L0246,Check completeness,2025-01-11 22:23:00,Chen,Personal,11400.00,Branch,East,Approved
L0246,Assess credit,2025-01-13 20:19:00,Farah,Personal,11400.00,Branch,East,Approved
L0246,Approve application,2025-01-14 12:18:00,Farah,Personal,11400.00,Branch,East,Approved
L0246,Send offer,2025-01-14 20:08:00,Chen,Personal,11400.00,Branch,East,Approved
L0246,Sign contract,2025-01-20 14:15:00,Dana,Personal,11400.00,Branch,East,Approved
L0247,Submit application,2025-06-26 10:00:00,Dana,Business,45500.00,Broker,North,Rejected
L0247,Check completeness,2025-06-27 05:37:00,Dana,Business,45500.00,Broker,North,Rejected
L0247,Request documents,2025-06-27 07:02:00,Chen,Business,45500.00,Broker,North,Rejected
L0247,Receive documents,2025-07-03 14:53:00,Ana,Business,45500.00,Broker,North,Rejected
L0247,Request documents,2025-07-03 17:30:00,Chen,Business,45500.00,Broker,North,Rejected
L0247,Receive documents,2025-07-12 18:37:00,Chen,Business,45500.00,Broker,North,Rejected
L0247,Assess credit,2025-07-13 05:32:00,Eli,Business,45500.00,Broker,North,Rejected
L0247,Reject application,2025-07-14 14:03:00,Eli,Business,45500.00,Broker,North,Rejected
L0248,Submit application,2025-05-18 16:00:00,Portal,Personal,18500.00,Online,East,Approved
L0248,Check completeness,2025-05-19 03:25:00,Ana,Personal,18500.00,Online,East,Approved
L0248,Request documents,2025-05-19 08:06:00,Dana,Personal,18500.00,Online,East,Approved
L0248,Receive documents,2025-05-21 19:04:00,Dana,Personal,18500.00,Online,East,Approved
L0248,Assess credit,2025-05-23 15:24:00,Eli,Personal,18500.00,Online,East,Approved
L0248,Approve application,2025-05-24 14:01:00,Farah,Personal,18500.00,Online,East,Approved
L0248,Send offer,2025-05-24 21:05:00,Dana,Personal,18500.00,Online,East,Approved
L0248,Sign contract,2025-05-27 16:38:00,Ana,Personal,18500.00,Online,East,Approved
L0249,Submit application,2025-03-26 12:00:00,Portal,Auto,31800.00,Online,North,Approved
L0249,Check completeness,2025-03-27 05:42:00,Chen,Auto,31800.00,Online,North,Approved
L0249,Assess credit,2025-03-28 21:17:00,Farah,Auto,31800.00,Online,North,Approved
L0249,Approve application,2025-03-29 16:59:00,Eli,Auto,31800.00,Online,North,Approved
L0249,Send offer,2025-03-29 19:14:00,Chen,Auto,31800.00,Online,North,Approved
L0249,Sign contract,2025-03-31 06:31:00,Ben,Auto,31800.00,Online,North,Approved
L0250,Submit application,2025-06-23 13:00:00,Portal,Personal,18100.00,Online,North,Approved
L0250,Check completeness,2025-06-24 01:23:00,Dana,Personal,18100.00,Online,North,Approved
L0250,Request documents,2025-06-24 06:44:00,Ana,Personal,18100.00,Online,North,Approved
L0250,Receive documents,2025-06-26 09:03:00,Ben,Personal,18100.00,Online,North,Approved
L0250,Assess credit,2025-06-27 12:42:00,Farah,Personal,18100.00,Online,North,Approved
L0250,Approve application,2025-06-28 08:46:00,Eli,Personal,18100.00,Online,North,Approved
L0250,Send offer,2025-06-28 13:57:00,Dana,Personal,18100.00,Online,North,Approved
L0250,Sign contract,2025-07-04 03:00:00,Dana,Personal,18100.00,Online,North,Approved
L0251,Submit application,2025-05-20 08:00:00,Portal,Personal,5200.00,Online,West,Approved
L0251,Check completeness,2025-05-21 00:35:00,Dana,Personal,5200.00,Online,West,Approved
L0251,Assess credit,2025-05-22 15:21:00,Farah,Personal,5200.00,Online,West,Approved
L0251,Approve application,2025-05-22 22:17:00,Farah,Personal,5200.00,Online,West,Approved
L0251,Send offer,2025-05-23 03:24:00,Ana,Personal,5200.00,Online,West,Approved
L0251,Sign contract,2025-05-30 00:19:00,Ana,Personal,5200.00,Online,West,Approved
L0252,Submit application,2025-04-21 14:00:00,Portal,Personal,4300.00,Online,East,Approved
L0252,Check completeness,2025-04-22 12:55:00,Chen,Personal,4300.00,Online,East,Approved
L0252,Request documents,2025-04-22 15:41:00,Dana,Personal,4300.00,Online,East,Approved
L0252,Receive documents,2025-04-25 04:01:00,Dana,Personal,4300.00,Online,East,Approved
L0252,Assess credit,2025-04-26 12:05:00,Eli,Personal,4300.00,Online,East,Approved
L0252,Approve application,2025-04-27 11:32:00,Eli,Personal,4300.00,Online,East,Approved
L0252,Send offer,2025-04-27 17:48:00,Chen,Personal,4300.00,Online,East,Approved
L0252,Sign contract,2025-04-29 16:13:00,Dana,Personal,4300.00,Online,East,Approved
L0253,Submit application,2025-04-28 12:00:00,Dana,Mortgage,398500.00,Branch,East,Rejected
L0253,Check completeness,2025-04-29 08:11:00,Ben,Mortgage,398500.00,Branch,East,Rejected
L0253,Request documents,2025-04-29 12:18:00,Ana,Mortgage,398500.00,Branch,East,Rejected
L0253,Receive documents,2025-05-06 07:51:00,Dana,Mortgage,398500.00,Branch,East,Rejected
L0253,Assess credit,2025-05-06 20:13:00,Eli,Mortgage,398500.00,Branch,East,Rejected
L0253,Manual review,2025-05-08 01:20:00,Gil,Mortgage,398500.00,Branch,East,Rejected
L0253,Reject application,2025-05-08 23:54:00,Eli,Mortgage,398500.00,Branch,East,Rejected
L0254,Submit application,2025-02-05 15:00:00,Portal,Personal,5400.00,Online,West,Approved
L0254,Check completeness,2025-02-06 13:01:00,Ana,Personal,5400.00,Online,West,Approved
L0254,Assess credit,2025-02-07 18:53:00,Eli,Personal,5400.00,Online,West,Approved
L0254,Approve application,2025-02-08 09:20:00,Farah,Personal,5400.00,Online,West,Approved
L0254,Send offer,2025-02-08 15:22:00,Dana,Personal,5400.00,Online,West,Approved
L0254,Sign contract,2025-02-13 22:03:00,Ana,Personal,5400.00,Online,West,Approved
L0255,Submit application,2025-06-29 15:00:00,Ben,Business,99800.00,Branch,South,Rejected
L0255,Check completeness,2025-06-29 21:47:00,Chen,Business,99800.00,Branch,South,Rejected
L0255,Reject application,2025-06-29 23:38:00,Ben,Business,99800.00,Branch,South,Rejected
L0256,Submit application,2025-02-03 08:00:00,Portal,Personal,10600.00,Online,West,Approved
L0256,Check completeness,2025-02-03 12:38:00,Chen,Personal,10600.00,Online,West,Approved
L0256,Assess credit,2025-02-04 14:07:00,Farah,Personal,10600.00,Online,West,Approved
L0256,Approve application,2025-02-05 00:26:00,Eli,Personal,10600.00,Online,West,Approved
L0256,Send offer,2025-02-05 02:29:00,Ana,Personal,10600.00,Online,West,Approved
L0256,Sign contract,2025-02-07 04:25:00,Ben,Personal,10600.00,Online,West,Approved
L0257,Submit application,2025-01-06 09:00:00,Portal,Personal,9800.00,Online,South,Approved
L0257,Check completeness,2025-01-07 06:37:00,Ana,Personal,9800.00,Online,South,Approved
L0257,Assess credit,2025-01-08 06:29:00,Farah,Personal,9800.00,Online,South,Approved
L0257,Approve application,2025-01-08 12:00:00,Farah,Personal,9800.00,Online,South,Approved
L0257,Send offer,2025-01-08 14:29:00,Chen,Personal,9800.00,Online,South,Approved
L0257,Sign contract,2025-01-11 00:42:00,Ben,Personal,9800.00,Online,South,Approved
L0258,Submit application,2025-03-31 14:00:00,Chen,Personal,4200.00,Branch,West,Approved
L0258,Check completeness,2025-04-01 05:29:00,Ana,Personal,4200.00,Branch,West,Approved
L0258,Assess credit,2025-04-02 02:54:00,Eli,Personal,4200.00,Branch,West,Approved
L0258,Approve application,2025-04-02 16:07:00,Farah,Personal,4200.00,Branch,West,Approved
L0258,Send offer,2025-04-02 22:16:00,Chen,Personal,4200.00,Branch,West,Approved
L0258,Sign contract,2025-04-04 23:53:00,Dana,Personal,4200.00,Branch,West,Approved
L0259,Submit application,2025-01-19 15:00:00,Portal,Personal,2100.00,Online,East,Approved
L0259,Check completeness,2025-01-20 02:09:00,Chen,Personal,2100.00,Online,East,Approved
L0259,Assess credit,2025-01-20 16:50:00,Eli,Personal,2100.00,Online,East,Approved
L0259,Approve application,2025-01-20 21:01:00,Eli,Personal,2100.00,Online,East,Approved
L0259,Send offer,2025-01-20 22:36:00,Ana,Personal,2100.00,Online,East,Approved
L0259,Sign contract,2025-01-24 16:08:00,Dana,Personal,2100.00,Online,East,Approved
L0260,Submit application,2025-06-12 10:00:00,Portal,Auto,33200.00,Online,South,Approved
L0260,Check completeness,2025-06-12 14:22:00,Ana,Auto,33200.00,Online,South,Approved
L0260,Assess credit,2025-06-14 05:44:00,Farah,Auto,33200.00,Online,South,Approved
L0260,Approve application,2025-06-15 00:58:00,Eli,Auto,33200.00,Online,South,Approved
L0260,Send offer,2025-06-15 04:57:00,Dana,Auto,33200.00,Online,South,Approved
L0260,Sign contract,2025-06-19 16:31:00,Dana,Auto,33200.00,Online,South,Approved
L0261,Submit application,2025-03-26 08:00:00,Chen,Personal,3300.00,Branch,West,Approved
L0261,Check completeness,2025-03-26 11:44:00,Chen,Personal,3300.00,Branch,West,Approved
L0261,Assess credit,2025-03-28 09:17:00,Farah,Personal,3300.00,Branch,West,Approved
L0261,Approve application,2025-03-28 20:20:00,Farah,Personal,3300.00,Branch,West,Approved
L0261,Send offer,2025-03-29 01:45:00,Ben,Personal,3300.00,Branch,West,Approved
L0261,Sign contract,2025-04-04 04:36:00,Ana,Personal,3300.00,Branch,West,Approved
L0262,Submit application,2025-06-02 15:00:00,Portal,Auto,25800.00,Online,East,Approved
L0262,Check completeness,2025-06-03 11:28:00,Ben,Auto,25800.00,Online,East,Approved
L0262,Request documents,2025-06-03 15:30:00,Chen,Auto,25800.00,Online,East,Approved
L0262,Receive documents,2025-06-06 20:19:00,Dana,Auto,25800.00,Online,East,Approved
L0262,Assess credit,2025-06-07 10:39:00,Farah,Auto,25800.00,Online,East,Approved
L0262,Approve application,2025-06-08 03:18:00,Eli,Auto,25800.00,Online,East,Approved
L0262,Send offer,2025-06-08 08:03:00,Ana,Auto,25800.00,Online,East,Approved
L0262,Sign contract,2025-06-13 21:23:00,Ben,Auto,25800.00,Online,East,Approved
L0263,Submit application,2025-06-15 09:00:00,Ben,Personal,8500.00,Broker,West,Rejected
L0263,Check completeness,2025-06-15 22:23:00,Ana,Personal,8500.00,Broker,West,Rejected
L0263,Request documents,2025-06-16 02:23:00,Dana,Personal,8500.00,Broker,West,Rejected
L0263,Receive documents,2025-06-22 08:12:00,Chen,Personal,8500.00,Broker,West,Rejected
L0263,Request documents,2025-06-22 12:18:00,Ben,Personal,8500.00,Broker,West,Rejected
L0263,Receive documents,2025-06-30 06:53:00,Dana,Personal,8500.00,Broker,West,Rejected
L0263,Assess credit,2025-07-02 00:28:00,Eli,Personal,8500.00,Broker,West,Rejected
L0263,Reject application,2025-07-03 14:51:00,Farah,Personal,8500.00,Broker,West,Rejected
L0264,Submit application,2025-01-23 14:00:00,Ana,Mortgage,346600.00,Branch,East,Approved
L0264,Check completeness,2025-01-24 01:25:00,Ben,Mortgage,346600.00,Branch,East,Approved
L0264,Request documents,2025-01-24 06:05:00,Dana,Mortgage,346600.00,Branch,East,Approved
L0264,Receive documents,2025-01-27 05:06:00,Ben,Mortgage,346600.00,Branch,East,Approved
L0264,Assess credit,2025-01-27 11:29:00,Farah,Mortgage,346600.00,Branch,East,Approved
L0264,Manual review,2025-01-28 13:05:00,Gil,Mortgage,346600.00,Branch,East,Approved
L0264,Approve application,2025-01-28 21:04:00,Eli,Mortgage,346600.00,Branch,East,Approved
L0264,Send offer,2025-01-29 01:56:00,Ana,Mortgage,346600.00,Branch,East,Approved
L0264,Sign contract,2025-02-01 06:43:00,Dana,Mortgage,346600.00,Branch,East,Approved
L0265,Submit application,2025-04-01 11:00:00,Portal,Personal,6300.00,Online,South,Approved
L0265,Check completeness,2025-04-02 07:33:00,Ana,Personal,6300.00,Online,South,Approved
L0265,Assess credit,2025-04-02 22:25:00,Eli,Personal,6300.00,Online,South,Approved
L0265,Approve application,2025-04-03 08:50:00,Eli,Personal,6300.00,Online,South,Approved
L0265,Send offer,2025-04-03 14:43:00,Ben,Personal,6300.00,Online,South,Approved
L0265,Sign contract,2025-04-06 18:04:00,Dana,Personal,6300.00,Online,South,Approved
L0266,Submit application,2025-03-22 14:00:00,Portal,Mortgage,158800.00,Online,South,Approved
L0266,Check completeness,2025-03-23 08:41:00,Chen,Mortgage,158800.00,Online,South,Approved
L0266,Assess credit,2025-03-23 22:01:00,Farah,Mortgage,158800.00,Online,South,Approved
L0266,Manual review,2025-03-26 21:18:00,Gil,Mortgage,158800.00,Online,South,Approved
L0266,Approve application,2025-03-27 19:52:00,Farah,Mortgage,158800.00,Online,South,Approved
L0266,Send offer,2025-03-28 01:45:00,Ana,Mortgage,158800.00,Online,South,Approved
L0266,Sign contract,2025-04-01 08:42:00,Ben,Mortgage,158800.00,Online,South,Approved
L0267,Submit application,2025-06-17 09:00:00,Ana,Personal,13200.00,Branch,West,Rejected
L0267,Check completeness,2025-06-17 18:52:00,Ben,Personal,13200.00,Branch,West,Rejected
L0267,Request documents,2025-06-17 21:54:00,Ana,Personal,13200.00,Branch,West,Rejected
L0267,Receive documents,2025-06-24 17:34:00,Ben,Personal,13200.00,Branch,West,Rejected
L0267,Assess credit,2025-06-26 03:33:00,Eli,Personal,13200.00,Branch,West,Rejected
L0267,Reject application,2025-06-26 11:55:00,Farah,Personal,13200.00,Branch,West,Rejected
L0268,Submit application,2025-03-17 14:00:00,Chen,Auto,19700.00,Branch,North,Approved
L0268,Check completeness,2025-03-18 13:11:00,Ana,Auto,19700.00,Branch,North,Approved
L0268,Assess credit,2025-03-19 03:36:00,Eli,Auto,19700.00,Branch,North,Approved
L0268,Approve application,2025-03-19 23:13:00,Eli,Auto,19700.00,Branch,North,Approved
L0268,Send offer,2025-03-20 05:17:00,Ana,Auto,19700.00,Branch,North,Approved
L0268,Sign contract,2025-03-25 16:53:00,Chen,Auto,19700.00,Branch,North,Approved
L0269,Submit application,2025-02-05 10:00:00,Dana,Auto,13300.00,Branch,West,Approved
L0269,Check completeness,2025-02-06 08:24:00,Ana,Auto,13300.00,Branch,West,Approved
L0269,Assess credit,2025-02-07 10:53:00,Eli,Auto,13300.00,Branch,West,Approved
L0269,Approve application,2025-02-08 00:29:00,Farah,Auto,13300.00,Branch,West,Approved
L0269,Send offer,2025-02-08 03:53:00,Chen,Auto,13300.00,Branch,West,Approved
L0269,Sign contract,2025-02-09 14:36:00,Ana,Auto,13300.00,Branch,West,Approved
L0270,Submit application,2025-01-14 16:00:00,Portal,Personal,10200.00,Online,South,Approved
L0270,Check completeness,2025-01-14 22:13:00,Ana,Personal,10200.00,Online,South,Approved
L0270,Assess credit,2025-01-16 06:39:00,Eli,Personal,10200.00,Online,South,Approved
L0270,Approve application,2025-01-17 04:28:00,Farah,Personal,10200.00,Online,South,Approved
L0270,Send offer,2025-01-17 08:50:00,Ben,Personal,10200.00,Online,South,Approved
L0270,Sign contract,2025-01-21 16:34:00,Ben,Personal,10200.00,Online,South,Approved
L0271,Submit application,2025-01-13 12:00:00,Portal,Auto,33100.00,Online,North,Rejected
L0271,Check completeness,2025-01-13 16:04:00,Ben,Auto,33100.00,Online,North,Rejected
L0271,Request documents,2025-01-13 17:29:00,Chen,Auto,33100.00,Online,North,Rejected
L0271,Receive documents,2025-01-22 08:12:00,Dana,Auto,33100.00,Online,North,Rejected
L0271,Request documents,2025-01-22 11:24:00,Dana,Auto,33100.00,Online,North,Rejected
L0271,Receive documents,2025-01-30 16:50:00,Chen,Auto,33100.00,Online,North,Rejected
L0271,Request documents,2025-01-30 18:27:00,Ana,Auto,33100.00,Online,North,Rejected
L0271,Receive documents,2025-02-04 01:05:00,Dana,Auto,33100.00,Online,North,Rejected
L0271,Assess credit,2025-02-05 09:18:00,Eli,Auto,33100.00,Online,North,Rejected
L0271,Reject application,2025-02-05 21:00:00,Farah,Auto,33100.00,Online,North,Rejected
L0272,Submit application,2025-05-12 15:00:00,Portal,Personal,18900.00,Online,South,Approved
L0272,Check completeness,2025-05-12 20:20:00,Dana,Personal,18900.00,Online,South,Approved
L0272,Assess credit,2025-05-14 08:55:00,Eli,Personal,18900.00,Online,South,Approved
L0272,Approve application,2025-05-14 22:14:00,Farah,Personal,18900.00,Online,South,Approved
L0272,Send offer,2025-05-15 05:10:00,Chen,Personal,18900.00,Online,South,Approved
L0272,Sign contract,2025-05-17 23:33:00,Chen,Personal,18900.00,Online,South,Approved
L0273,Submit application,2025-02-13 09:00:00,Chen,Auto,19400.00,Branch,West,Approved
L0273,Check completeness,2025-02-13 16:45:00,Chen,Auto,19400.00,Branch,West,Approved
L0273,Assess credit,2025-02-15 03:47:00,Eli,Auto,19400.00,Branch,West,Approved
L0273,Approve application,2025-02-15 18:51:00,Eli,Auto,19400.00,Branch,West,Approved
L0273,Send offer,2025-02-15 21:16:00,Chen,Auto,19400.00,Branch,West,Approved
L0273,Sign contract,2025-02-18 13:39:00,Chen,Auto,19400.00,Branch,West,Approved
L0274,Submit application,2025-02-27 11:00:00,Portal,Personal,4100.00,Online,South,Approved
L0274,Check completeness,2025-02-28 00:33:00,Ben,Personal,4100.00,Online,South,Approved
L0274,Assess credit,2025-02-28 12:30:00,Eli,Personal,4100.00,Online,South,Approved
L0274,Approve application,2025-03-01 02:32:00,Farah,Personal,4100.00,Online,South,Approved
L0274,Send offer,2025-03-01 05:53:00,Ben,Personal,4100.00,Online,South,Approved
L0274,Sign contract,2025-03-07 13:48:00,Dana,Personal,4100.00,Online,South,Approved
L0275,Submit application,2025-02-13 14:00:00,Ben,Mortgage,358400.00,Branch,North,Approved
L0275,Check completeness,2025-02-13 17:33:00,Ana,Mortgage,358400.00,Branch,North,Approved
L0275,Assess credit,2025-02-14 21:24:00,Farah,Mortgage,358400.00,Branch,North,Approved
L0275,Manual review,2025-02-16 19:51:00,Gil,Mortgage,358400.00,Branch,North,Approved
L0275,Approve application,2025-02-17 05:49:00,Farah,Mortgage,358400.00,Branch,North,Approved
L0275,Send offer,2025-02-17 09:54:00,Ana,Mortgage,358400.00,Branch,North,Approved
L0275,Sign contract,2025-02-18 21:40:00,Dana,Mortgage,358400.00,Branch,North,Approved
L0276,Submit application,2025-05-20 13:00:00,Portal,Personal,13400.00,Online,North,Approved
L0276,Check completeness,2025-05-20 18:19:00,Dana,Personal,13400.00,Online,North,Approved
L0276,Assess credit,2025-05-22 14:08:00,Farah,Personal,13400.00,Online,North,Approved
L0276,Approve application,2025-05-22 22:58:00,Farah,Personal,13400.00,Online,North,Approved
L0276,Send offer,2025-05-23 02:42:00,Ben,Personal,13400.00,Online,North,Approved
L0276,Sign contract,2025-05-29 03:25:00,Ana,Personal,13400.00,Online,North,Approved
L0277,Submit application,2025-02-14 11:00:00,Portal,Mortgage,112300.00,Online,North,Approved
L0277,Check completeness,2025-02-14 18:28:00,Dana,Mortgage,112300.00,Online,North,Approved
L0277,Assess credit,2025-02-16 10:16:00,Farah,Mortgage,112300.00,Online,North,Approved
L0277,Manual review,2025-02-19 01:43:00,Gil,Mortgage,112300.00,Online,North,Approved
L0277,Approve application,2025-02-19 14:44:00,Farah,Mortgage,112300.00,Online,North,Approved
L0277,Send offer,2025-02-19 19:20:00,Ana,Mortgage,112300.00,Online,North,Approved
L0277,Sign contract,2025-02-25 20:47:00,Chen,Mortgage,112300.00,Online,North,Approved
L0278,Submit application,2025-01-31 09:00:00,Ben,Mortgage,327800.00,Broker,West,Rejected
L0278,Check completeness,2025-01-31 17:37:00,Dana,Mortgage,327800.00,Broker,West,Rejected
L0278,Assess credit,2025-02-01 22:17:00,Farah,Mortgage,327800.00,Broker,West,Rejected
L0278,Manual review,2025-02-03 01:48:00,Gil,Mortgage,327800.00,Broker,West,Rejected
L0278,Reject application,2025-02-03 08:21:00,Farah,Mortgage,327800.00,Broker,West,Rejected
L0279,Submit application,2025-04-21 11:00:00,Portal,Business,124300.00,Online,East,Approved
L0279,Check completeness,2025-04-21 17:15:00,Ana,Business,124300.00,Online,East,Approved
L0279,Assess credit,2025-04-22 09:29:00,Eli,Business,124300.00,Online,East,Approved
L0279,Manual review,2025-04-24 17:25:00,Gil,Business,124300.00,Online,East,Approved
L0279,Approve application,2025-04-25 16:06:00,Farah,Business,124300.00,Online,East,Approved
L0279,Send offer,2025-04-25 17:13:00,Chen,Business,124300.00,Online,East,Approved
L0279,Sign contract,2025-04-29 21:03:00,Ben,Business,124300.00,Online,East,Approved
L0280,Submit application,2025-03-19 09:00:00,Portal,Personal,12500.00,Online,North,Approved
L0280,Check completeness,2025-03-19 20:53:00,Ben,Personal,12500.00,Online,North,Approved
L0280,Assess credit,2025-03-20 13:26:00,Farah,Personal,12500.00,Online,North,Approved
L0280,Approve application,2025-03-21 13:16:00,Farah,Personal,12500.00,Online,North,Approved
L0280,Send offer,2025-03-21 15:06:00,Ben,Personal,12500.00,Online,North,Approved
L0280,Sign contract,2025-03-25 12:14:00,Ben,Personal,12500.00,Online,North,Approved
L0281,Submit application,2025-05-30 11:00:00,Dana,Auto,27300.00,Broker,South,Rejected
L0281,Check completeness,2025-05-30 20:45:00,Ben,Auto,27300.00,Broker,South,Rejected
L0281,Request documents,2025-05-30 22:12:00,Dana,Auto,27300.00,Broker,South,Rejected
L0281,Receive documents,2025-06-05 23:35:00,Chen,Auto,27300.00,Broker,South,Rejected
L0281,Assess credit,2025-06-07 20:23:00,Farah,Auto,27300.00,Broker,South,Rejected
L0281,Reject application,2025-06-09 05:45:00,Eli,Auto,27300.00,Broker,South,Rejected
L0282,Submit application,2025-04-08 10:00:00,Portal,Personal,12300.00,Online,South,Approved
L0282,Check completeness,2025-04-08 12:15:00,Ben,Personal,12300.00,Online,South,Approved
L0282,Request documents,2025-04-08 13:37:00,Ben,Personal,12300.00,Online,South,Approved
L0282,Receive documents,2025-04-12 02:10:00,Chen,Personal,12300.00,Online,South,Approved
L0282,Assess credit,2025-04-13 07:20:00,Farah,Personal,12300.00,Online,South,Approved
L0282,Approve application,2025-04-14 05:45:00,Farah,Personal,12300.00,Online,South,Approved
L0282,Send offer,2025-04-14 08:02:00,Ben,Personal,12300.00,Online,South,Approved
L0282,Sign contract,2025-04-16 10:51:00,Chen,Personal,12300.00,Online,South,Approved
L0283,Submit application,2025-01-16 13:00:00,Ana,Personal,9700.00,Branch,South,Approved
L0283,Check completeness,2025-01-17 05:51:00,Ana,Personal,9700.00,Branch,South,Approved
L0283,Assess credit,2025-01-17 16:25:00,Eli,Personal,9700.00,Branch,South,Approved
L0283,Approve application,2025-01-18 00:54:00,Farah,Personal,9700.00,Branch,South,Approved
L0283,Send offer,2025-01-18 04:00:00,Ben,Personal,9700.00,Branch,South,Approved
L0283,Sign contract,2025-01-21 12:47:00,Ana,Personal,9700.00,Branch,South,Approved
L0284,Submit application,2025-04-03 13:00:00,Ana,Auto,36000.00,Branch,South,Approved
L0284,Check completeness,2025-04-03 15:26:00,Chen,Auto,36000.00,Branch,South,Approved
L0284,Assess credit,2025-04-04 01:35:00,Eli,Auto,36000.00,Branch,South,Approved
L0284,Approve application,2025-04-05 00:27:00,Farah,Auto,36000.00,Branch,South,Approved
L0284,Send offer,2025-04-05 05:40:00,Ben,Auto,36000.00,Branch,South,Approved
L0284,Sign contract,2025-04-09 08:12:00,Ana,Auto,36000.00,Branch,South,Approved
L0285,Submit application,2025-02-04 13:00:00,Portal,Business,54100.00,Online,North,Rejected
L0285,Check completeness,2025-02-05 00:44:00,Ana,Business,54100.00,Online,North,Rejected
L0285,Request documents,2025-02-05 05:14:00,Dana,Business,54100.00,Online,North,Rejected
L0285,Receive documents,2025-02-13 01:16:00,Ana,Business,54100.00,Online,North,Rejected
L0285,Request documents,2025-02-13 03:41:00,Dana,Business,54100.00,Online,North,Rejected
L0285,Receive documents,2025-02-22 07:08:00,Ben,Business,54100.00,Online,North,Rejected
L0285,Assess credit,2025-02-23 16:41:00,Farah,Business,54100.00,Online,North,Rejected
L0285,Manual review,2025-02-26 07:42:00,Gil,Business,54100.00,Online,North,Rejected
L0285,Reject application,2025-02-27 19:43:00,Farah,Business,54100.00,Online,North,Rejected
L0286,Submit application,2025-06-15 12:00:00,Portal,Auto,35000.00,Online,East,Approved
L0286,Check completeness,2025-06-15 18:14:00,Chen,Auto,35000.00,Online,East,Approved
L0286,Request documents,2025-06-15 23:56:00,Ana,Auto,35000.00,Online,East,Approved
L0286,Receive documents,2025-06-17 13:08:00,Dana,Auto,35000.00,Online,East,Approved
L0286,Assess credit,2025-06-17 22:57:00,Eli,Auto,35000.00,Online,East,Approved
L0286,Approve application,2025-06-18 03:11:00,Farah,Auto,35000.00,Online,East,Approved
L0286,Send offer,2025-06-18 04:34:00,Ana,Auto,35000.00,Online,East,Approved
L0286,Sign contract,2025-06-21 16:15:00,Chen,Auto,35000.00,Online,East,Approved
L0287,Submit application,2025-03-10 12:00:00,Dana,Mortgage,151200.00,Broker,South,Approved
L0287,Check completeness,2025-03-11 02:52:00,Dana,Mortgage,151200.00,Broker,South,Approved
L0287,Assess credit,2025-03-11 21:06:00,Eli,Mortgage,151200.00,Broker,South,Approved
L0287,Manual review,2025-03-13 10:05:00,Gil,Mortgage,151200.00,Broker,South,Approved
L0287,Approve application,2025-03-14 06:51:00,Eli,Mortgage,151200.00,Broker,South,Approved
L0287,Send offer,2025-03-14 14:23:00,Ben,Mortgage,151200.00,Broker,South,Approved
L0287,Sign contract,2025-03-17 23:48:00,Ben,Mortgage,151200.00,Broker,South,Approved
L0288,Submit application,2025-06-11 13:00:00,Portal,Auto,25700.00,Online,South,Approved
L0288,Check completeness,2025-06-12 05:40:00,Ana,Auto,25700.00,Online,South,Approved
L0288,Assess credit,2025-06-12 11:33:00,Farah,Auto,25700.00,Online,South,Approved
L0288,Approve application,2025-06-13 09:38:00,Eli,Auto,25700.00,Online,South,Approved
L0288,Send offer,2025-06-13 16:19:00,Dana,Auto,25700.00,Online,South,Approved
L0288,Sign contract,2025-06-19 13:28:00,Ana,Auto,25700.00,Online,South,Approved
L0289,Submit application,2025-01-16 12:00:00,Portal,Mortgage,204500.00,Online,West,Approved
L0289,Check completeness,2025-01-17 04:05:00,Ben,Mortgage,204500.00,Online,West,Approved
L0289,Request documents,2025-01-17 05:17:00,Chen,Mortgage,204500.00,Online,West,Approved
L0289,Receive documents,2025-01-20 06:11:00,Dana,Mortgage,204500.00,Online,West,Approved
L0289,Assess credit,2025-01-22 01:32:00,Eli,Mortgage,204500.00,Online,West,Approved
L0289,Manual review,2025-01-23 15:01:00,Gil,Mortgage,204500.00,Online,West,Approved
L0289,Approve application,2025-01-24 08:59:00,Eli,Mortgage,204500.00,Online,West,Approved
L0289,Send offer,2025-01-24 13:43:00,Ana,Mortgage,204500.00,Online,West,Approved
L0289,Sign contract,2025-01-27 15:37:00,Ben,Mortgage,204500.00,Online,West,Approved
L0290,Submit application,2025-04-29 11:00:00,Chen,Auto,28500.00,Broker,West,Rejected
L0290,Check completeness,2025-04-29 22:26:00,Chen,Auto,28500.00,Broker,West,Rejected
L0290,Reject application,2025-04-30 04:28:00,Ben,Auto,28500.00,Broker,West,Rejected
L0291,Submit application,2025-02-04 08:00:00,Portal,Personal,12400.00,Online,West,Approved
L0291,Check completeness,2025-02-05 05:27:00,Ben,Personal,12400.00,Online,West,Approved
L0291,Assess credit,2025-02-06 05:15:00,Farah,Personal,12400.00,Online,West,Approved
L0291,Approve application,2025-02-06 15:32:00,Eli,Personal,12400.00,Online,West,Approved
L0291,Send offer,2025-02-06 20:35:00,Chen,Personal,12400.00,Online,West,Approved
L0291,Sign contract,2025-02-09 20:05:00,Chen,Personal,12400.00,Online,West,Approved
L0292,Submit application,2025-06-11 09:00:00,Portal,Auto,18500.00,Online,East,Approved
L0292,Check completeness,2025-06-11 17:38:00,Ben,Auto,18500.00,Online,East,Approved
L0292,Assess credit,2025-06-12 04:47:00,Farah,Auto,18500.00,Online,East,Approved
L0292,Approve application,2025-06-12 23:21:00,Eli,Auto,18500.00,Online,East,Approved
L0292,Send offer,2025-06-13 01:03:00,Dana,Auto,18500.00,Online,East,Approved
L0292,Sign contract,2025-06-18 20:18:00,Ana,Auto,18500.00,Online,East,Approved
L0293,Submit application,2025-06-20 14:00:00,Ben,Personal,18600.00,Branch,North,Approved
L0293,Check completeness,2025-06-20 18:01:00,Ana,Personal,18600.00,Branch,North,Approved
L0293,Assess credit,2025-06-22 12:56:00,Eli,Personal,18600.00,Branch,North,Approved
L0293,Approve application,2025-06-23 02:52:00,Eli,Personal,18600.00,Branch,North,Approved
L0293,Send offer,2025-06-23 06:17:00,Ana,Personal,18600.00,Branch,North,Approved
L0293,Sign contract,2025-06-25 22:01:00,Ana,Personal,18600.00,Branch,North,Approved
L0294,Submit application,2025-04-20 16:00:00,Portal,Auto,20800.00,Online,East,Approved
L0294,Check completeness,2025-04-21 07:13:00,Ana,Auto,20800.00,Online,East,Approved
L0294,Assess credit,2025-04-23 01:54:00,Eli,Auto,20800.00,Online,East,Approved
L0294,Approve application,2025-04-23 17:08:00,Eli,Auto,20800.00,Online,East,Approved
L0294,Send offer,2025-04-24 00:50:00,Dana,Auto,20800.00,Online,East,Approved
L0294,Sign contract,2025-04-28 04:11:00,Dana,Auto,20800.00,Online,East,Approved
L0295,Submit application,2025-04-03 15:00:00,Dana,Personal,14600.00,Broker,South,Approved
L0295,Check completeness,2025-04-04 08:37:00,Chen,Personal,14600.00,Broker,South,Approved
L0295,Assess credit,2025-04-05 06:58:00,Eli,Personal,14600.00,Broker,South,Approved
L0295,Approve application,2025-04-05 15:52:00,Eli,Personal,14600.00,Broker,South,Approved
L0295,Send offer,2025-04-05 22:39:00,Chen,Personal,14600.00,Broker,South,Approved
L0295,Sign contract,2025-04-08 04:57:00,Chen,Personal,14600.00,Broker,South,Approved
L0296,Submit application,2025-01-24 08:00:00,Dana,Auto,20500.00,Branch,South,Approved
L0296,Check completeness,2025-01-24 22:09:00,Ana,Auto,20500.00,Branch,South,Approved
L0296,Assess credit,2025-01-25 07:09:00,Eli,Auto,20500.00,Branch,South,Approved
L0296,Approve application,2025-01-26 01:26:00,Farah,Auto,20500.00,Branch,South,Approved
L0296,Send offer,2025-01-26 04:17:00,Ben,Auto,20500.00,Branch,South,Approved
L0296,Sign contract,2025-01-27 05:27:00,Ben,Auto,20500.00,Branch,South,Approved
L0297,Submit application,2025-05-02 13:00:00,Chen,Personal,5500.00,Branch,South,Rejected
L0297,Check completeness,2025-05-02 21:21:00,Chen,Personal,5500.00,Branch,South,Rejected
L0297,Reject application,2025-05-02 22:56:00,Chen,Personal,5500.00,Branch,South,Rejected
L0298,Submit application,2025-06-29 10:00:00,Ana,Mortgage,176200.00,Broker,North,Approved
L0298,Check completeness,2025-06-30 05:40:00,Ben,Mortgage,176200.00,Broker,North,Approved
L0298,Assess credit,2025-07-01 17:09:00,Eli,Mortgage,176200.00,Broker,North,Approved
L0298,Manual review,2025-07-02 18:13:00,Gil,Mortgage,176200.00,Broker,North,Approved
L0298,Approve application,2025-07-02 23:25:00,Eli,Mortgage,176200.00,Broker,North,Approved
L0298,Send offer,2025-07-03 01:06:00,Dana,Mortgage,176200.00,Broker,North,Approved
L0298,Sign contract,2025-07-04 22:28:00,Ben,Mortgage,176200.00,Broker,North,Approved
L0299,Submit application,2025-06-04 12:00:00,Portal,Mortgage,262500.00,Online,East,Approved
L0299,Check completeness,2025-06-04 17:27:00,Ana,Mortgage,262500.00,Online,East,Approved
L0299,Assess credit,2025-06-05 03:46:00,Eli,Mortgage,262500.00,Online,East,Approved
L0299,Manual review,2025-06-07 22:07:00,Gil,Mortgage,262500.00,Online,East,Approved
L0299,Approve application,2025-06-08 04:45:00,Farah,Mortgage,262500.00,Online,East,Approved
L0299,Send offer,2025-06-08 09:47:00,Ben,Mortgage,262500.00,Online,East,Approved
L0299,Sign contract,2025-06-10 21:21:00,Ben,Mortgage,262500.00,Online,East,Approved
L0300,Submit application,2025-01-20 15:00:00,Portal,Mortgage,258300.00,Online,East,Rejected
L0300,Check completeness,2025-01-20 19:42:00,Chen,Mortgage,258300.00,Online,East,Rejected
L0300,Reject application,2025-01-21 03:06:00,Chen,Mortgage,258300.00,Online,East,Rejected
L0301,Submit application,2025-01-20 14:00:00,Portal,Auto,38800.00,Online,South,Approved
L0301,Check completeness,2025-01-20 18:49:00,Ben,Auto,38800.00,Online,South,Approved
L0301,Assess credit,2025-01-21 13:58:00,Eli,Auto,38800.00,Online,South,Approved
L0301,Approve application,2025-01-22 05:16:00,Eli,Auto,38800.00,Online,South,Approved
L0301,Send offer,2025-01-22 06:57:00,Chen,Auto,38800.00,Online,South,Approved
L0301,Sign contract,2025-01-27 18:17:00,Chen,Auto,38800.00,Online,South,Approved
L0302,Submit application,2025-02-22 14:00:00,Ben,Auto,28300.00,Branch,East,Rejected
L0302,Check completeness,2025-02-23 00:06:00,Ben,Auto,28300.00,Branch,East,Rejected
L0302,Assess credit,2025-02-24 04:10:00,Farah,Auto,28300.00,Branch,East,Rejected
L0302,Reject application,2025-02-25 14:21:00,Farah,Auto,28300.00,Branch,East,Rejected
L0303,Submit application,2025-06-24 11:00:00,Portal,Personal,4900.00,Online,North,Approved
L0303,Check completeness,2025-06-25 10:38:00,Chen,Personal,4900.00,Online,North,Approved
L0303,Assess credit,2025-06-25 20:03:00,Eli,Personal,4900.00,Online,North,Approved
L0303,Approve application,2025-06-26 00:34:00,Farah,Personal,4900.00,Online,North,Approved
L0303,Send offer,2025-06-26 04:35:00,Chen,Personal,4900.00,Online,North,Approved
L0303,Sign contract,2025-06-29 16:42:00,Ana,Personal,4900.00,Online,North,Approved
L0304,Submit application,2025-06-23 10:00:00,Dana,Personal,10600.00,Broker,West,Approved
L0304,Check completeness,2025-06-23 19:18:00,Ana,Personal,10600.00,Broker,West,Approved
L0304,Assess credit,2025-06-25 10:29:00,Farah,Personal,10600.00,Broker,West,Approved
L0304,Approve application,2025-06-26 06:32:00,Eli,Personal,10600.00,Broker,West,Approved
L0304,Send offer,2025-06-26 11:35:00,Ana,Personal,10600.00,Broker,West,Approved
L0304,Sign contract,2025-06-30 05:32:00,Chen,Personal,10600.00,Broker,West,Approved
L0305,Submit application,2025-03-29 15:00:00,Ana,Auto,21800.00,Branch,West,Approved
L0305,Check completeness,2025-03-30 02:23:00,Ana,Auto,21800.00,Branch,West,Approved
L0305,Assess credit,2025-03-31 12:46:00,Farah,Auto,21800.00,Branch,West,Approved
L0305,Approve application,2025-04-01 02:38:00,Farah,Auto,21800.00,Branch,West,Approved
L0305,Send offer,2025-04-01 05:18:00,Ana,Auto,21800.00,Branch,West,Approved
L0305,Sign contract,2025-04-02 10:02:00,Chen,Auto,21800.00,Branch,West,Approved
L0306,Submit application,2025-01-21 12:00:00,Ben,Mortgage,388000.00,Broker,West,Approved
L0306,Check completeness,2025-01-22 08:54:00,Ben,Mortgage,388000.00,Broker,West,Approved
L0306,Assess credit,2025-01-24 07:48:00,Farah,Mortgage,388000.00,Broker,West,Approved
L0306,Manual review,2025-01-26 11:52:00,Gil,Mortgage,388000.00,Broker,West,Approved
L0306,Approve application,2025-01-26 17:30:00,Farah,Mortgage,388000.00,Broker,West,Approved
L0306,Send offer,2025-01-26 20:57:00,Chen,Mortgage,388000.00,Broker,West,Approved
L0306,Sign contract,2025-01-29 08:50:00,Chen,Mortgage,388000.00,Broker,West,Approved
L0307,Submit application,2025-04-11 08:00:00,Portal,Auto,35200.00,Online,North,Rejected
L0307,Check completeness,2025-04-12 00:06:00,Ben,Auto,35200.00,Online,North,Rejected
L0307,Request documents,2025-04-12 05:40:00,Ana,Auto,35200.00,Online,North,Rejected
L0307,Receive documents,2025-04-21 02:33:00,Dana,Auto,35200.00,Online,North,Rejected
L0307,Assess credit,2025-04-22 03:15:00,Farah,Auto,35200.00,Online,North,Rejected
L0307,Reject application,2025-04-23 01:35:00,Farah,Auto,35200.00,Online,North,Rejected
L0308,Submit application,2025-02-16 13:00:00,Portal,Personal,16800.00,Online,South,Approved
L0308,Check completeness,2025-02-17 08:33:00,Chen,Personal,16800.00,Online,South,Approved
L0308,Request documents,2025-02-17 13:23:00,Chen,Personal,16800.00,Online,South,Approved
L0308,Receive documents,2025-02-19 08:34:00,Ben,Personal,16800.00,Online,South,Approved
L0308,Assess credit,2025-02-20 10:52:00,Eli,Personal,16800.00,Online,South,Approved
L0308,Approve application,2025-02-20 23:17:00,Farah,Personal,16800.00,Online,South,Approved
L0308,Send offer,2025-02-21 06:59:00,Ben,Personal,16800.00,Online,South,Approved
L0308,Sign contract,2025-02-26 16:19:00,Ben,Personal,16800.00,Online,South,Approved
L0309,Submit application,2025-05-11 14:00:00,Ben,Auto,30100.00,Branch,South,Approved
L0309,Check completeness,2025-05-12 13:31:00,Chen,Auto,30100.00,Branch,South,Approved
L0309,Assess credit,2025-05-13 12:05:00,Farah,Auto,30100.00,Branch,South,Approved
L0309,Approve application,2025-05-14 04:42:00,Eli,Auto,30100.00,Branch,South,Approved
L0309,Send offer,2025-05-14 12:13:00,Ben,Auto,30100.00,Branch,South,Approved
L0309,Sign contract,2025-05-18 03:07:00,Ana,Auto,30100.00,Branch,South,Approved
L0310,Submit application,2025-02-09 16:00:00,Ben,Mortgage,106100.00,Broker,South,Approved
L0310,Check completeness,2025-02-10 12:45:00,Chen,Mortgage,106100.00,Broker,South,Approved
L0310,Assess credit,2025-02-11 01:59:00,Eli,Mortgage,106100.00,Broker,South,Approved
L0310,Manual review,2025-02-13 07:26:00,Gil,Mortgage,106100.00,Broker,South,Approved
L0310,Approve application,2025-02-13 22:33:00,Eli,Mortgage,106100.00,Broker,South,Approved
L0310,Send offer,2025-02-14 00:01:00,Ben,Mortgage,106100.00,Broker,South,Approved
L0310,Sign contract,2025-02-18 13:20:00,Ana,Mortgage,106100.00,Broker,South,Approved
L0311,Submit application,2025-04-14 13:00:00,Dana,Personal,6900.00,Branch,East,Approved
L0311,Check completeness,2025-04-14 22:45:00,Ben,Personal,6900.00,Branch,East,Approved
L0311,Assess credit,2025-04-16 19:13:00,Farah,Personal,6900.00,Branch,East,Approved
L0311,Approve application,2025-04-17 03:18:00,Farah,Personal,6900.00,Branch,East,Approved
L0311,Send offer,2025-04-17 09:30:00,Chen,Personal,6900.00,Branch,East,Approved
L0311,Sign contract,2025-04-23 16:59:00,Ana,Personal,6900.00,Branch,East,Approved
L0312,Submit application,2025-02-15 11:00:00,Dana,Personal,8900.00,Branch,West,Approved
L0312,Check completeness,2025-02-16 00:58:00,Ben,Personal,8900.00,Branch,West,Approved
L0312,Request documents,2025-02-16 01:59:00,Chen,Personal,8900.00,Branch,West,Approved
L0312,Receive documents,2025-02-18 21:13:00,Dana,Personal,8900.00,Branch,West,Approved
L0312,Assess credit,2025-02-20 17:40:00,Eli,Personal,8900.00,Branch,West,Approved
L0312,Approve application,2025-02-21 03:27:00,Eli,Personal,8900.00,Branch,West,Approved
L0312,Send offer,2025-02-21 05:43:00,Chen,Personal,8900.00,Branch,West,Approved
L0312,Sign contract,2025-02-22 23:19:00,Ben,Personal,8900.00,Branch,West,Approved
L0313,Submit application,2025-03-10 11:00:00,Portal,Mortgage,383900.00,Online,North,Approved
L0313,Check completeness,2025-03-10 15:40:00,Chen,Mortgage,383900.00,Online,North,Approved
L0313,Assess credit,2025-03-11 05:06:00,Farah,Mortgage,383900.00,Online,North,Approved
L0313,Manual review,2025-03-12 12:54:00,Gil,Mortgage,383900.00,Online,North,Approved
L0313,Approve application,2025-03-13 02:48:00,Farah,Mortgage,383900.00,Online,North,Approved
L0313,Send offer,2025-03-13 06:40:00,Ana,Mortgage,383900.00,Online,North,Approved
L0313,Sign contract,2025-03-15 06:28:00,Ana,Mortgage,383900.00,Online,North,Approved
L0314,Submit application,2025-05-26 13:00:00,Chen,Personal,12800.00,Branch,West,Approved
L0314,Check completeness,2025-05-27 09:11:00,Ben,Personal,12800.00,Branch,West,Approved
L0314,Assess credit,2025-05-27 23:20:00,Farah,Personal,12800.00,Branch,West,Approved
L0314,Approve application,2025-05-28 05:18:00,Eli,Personal,12800.00,Branch,West,Approved
L0314,Send offer,2025-05-28 13:15:00,Ben,Personal,12800.00,Branch,West,Approved
L0314,Sign contract,2025-06-03 00:30:00,Chen,Personal,12800.00,Branch,West,Approved
L0315,Submit application,2025-06-20 14:00:00,Portal,Personal,9700.00,Online,North,Approved
L0315,Check completeness,2025-06-21 06:26:00,Dana,Personal,9700.00,Online,North,Approved
L0315,Assess credit,2025-06-22 07:24:00,Farah,Personal,9700.00,Online,North,Approved
L0315,Approve application,2025-06-23 03:10:00,Farah,Personal,9700.00,Online,North,Approved
L0315,Send offer,2025-06-23 10:17:00,Dana,Personal,9700.00,Online,North,Approved
L0315,Sign contract,2025-06-30 09:17:00,Dana,Personal,9700.00,Online,North,Approved
L0316,Submit application,2025-03-01 08:00:00,Portal,Mortgage,170900.00,Online,East,Approved
L0316,Check completeness,2025-03-02 07:07:00,Chen,Mortgage,170900.00,Online,East,Approved
L0316,Request documents,2025-03-02 09:14:00,Ana,Mortgage,170900.00,Online,East,Approved
L0316,Receive documents,2025-03-05 20:51:00,Chen,Mortgage,170900.00,Online,East,Approved
L0316,Assess credit,2025-03-06 18:36:00,Farah,Mortgage,170900.00,Online,East,Approved
L0316,Manual review,2025-03-08 09:08:00,Gil,Mortgage,170900.00,Online,East,Approved
L0316,Approve application,2025-03-08 22:24:00,Eli,Mortgage,170900.00,Online,East,Approved
L0316,Send offer,2025-03-09 05:38:00,Ben,Mortgage,170900.00,Online,East,Approved
L0316,Sign contract,2025-03-15 21:06:00,Ben,Mortgage,170900.00,Online,East,Approved
L0317,Submit application,2025-01-12 12:00:00,Portal,Personal,16500.00,Online,West,Approved
L0317,Check completeness,2025-01-13 02:36:00,Ben,Personal,16500.00,Online,West,Approved
L0317,Assess credit,2025-01-15 01:33:00,Eli,Personal,16500.00,Online,West,Approved
L0317,Approve application,2025-01-15 20:22:00,Farah,Personal,16500.00,Online,West,Approved
L0317,Send offer,2025-01-15 23:00:00,Ana,Personal,16500.00,Online,West,Approved
L0317,Sign contract,2025-01-20 01:05:00,Ana,Personal,16500.00,Online,West,Approved
L0318,Submit application,2025-03-24 13:00:00,Portal,Personal,8300.00,Online,South,Rejected
L0318,Check completeness,2025-03-25 09:49:00,Ben,Personal,8300.00,Online,South,Rejected
L0318,Assess credit,2025-03-26 12:33:00,Eli,Personal,8300.00,Online,South,Rejected
L0318,Reject application,2025-03-27 11:10:00,Farah,Personal,8300.00,Online,South,Rejected
L0319,Submit application,2025-05-04 13:00:00,Portal,Auto,30500.00,Online,West,Approved
L0319,Check completeness,2025-05-05 00:48:00,Chen,Auto,30500.00,Online,West,Approved
L0319,Assess credit,2025-05-06 18:04:00,Eli,Auto,30500.00,Online,West,Approved
L0319,Approve application,2025-05-07 14:36:00,Farah,Auto,30500.00,Online,West,Approved
L0319,Send offer,2025-05-07 19:41:00,Chen,Auto,30500.00,Online,West,Approved
L0319,Sign contract,2025-05-11 05:43:00,Ana,Auto,30500.00,Online,West,Approved
L0320,Submit application,2025-01-11 10:00:00,Chen,Mortgage,296000.00,Branch,West,Approved
L0320,Check completeness,2025-01-12 06:36:00,Chen,Mortgage,296000.00,Branch,West,Approved
L0320,Assess credit,2025-01-12 22:55:00,Farah,Mortgage,296000.00,Branch,West,Approved
L0320,Manual review,2025-01-14 13:14:00,Gil,Mortgage,296000.00,Branch,West,Approved
L0320,Approve application,2025-01-15 06:54:00,Farah,Mortgage,296000.00,Branch,West,Approved
L0320,Send offer,2025-01-15 11:49:00,Dana,Mortgage,296000.00,Branch,West,Approved
L0320,Sign contract,2025-01-20 19:14:00,Ben,Mortgage,296000.00,Branch,West,Approved
L0321,Submit application,2025-02-05 11:00:00,Portal,Business,47800.00,Online,West,Approved
L0321,Check completeness,2025-02-06 03:40:00,Dana,Business,47800.00,Online,West,Approved
L0321,Assess credit,2025-02-08 02:56:00,Eli,Business,47800.00,Online,West,Approved
L0321,Approve application,2025-02-08 08:42:00,Farah,Business,47800.00,Online,West,Approved
L0321,Send offer,2025-02-08 12:52:00,Chen,Business,47800.00,Online,West,Approved
L0321,Sign contract,2025-02-12 15:38:00,Ana,Business,47800.00,Online,West,Approved
L0322,Submit application,2025-04-24 14:00:00,Portal,Personal,18500.00,Online,South,Approved
L0322,Check completeness,2025-04-25 07:35:00,Chen,Personal,18500.00,Online,South,Approved
L0322,Assess credit,2025-04-26 12:46:00,Eli,Personal,18500.00,Online,South,Approved
L0322,Approve application,2025-04-27 11:06:00,Eli,Personal,18500.00,Online,South,Approved
L0322,Send offer,2025-04-27 18:05:00,Ben,Personal,18500.00,Online,South,Approved
L0322,Sign contract,2025-04-30 17:25:00,Dana,Personal,18500.00,Online,South,Approved
L0323,Submit application,2025-03-02 12:00:00,Ben,Mortgage,243300.00,Branch,West,Approved
L0323,Check completeness,2025-03-02 22:04:00,Ben,Mortgage,243300.00,Branch,West,Approved
L0323,Assess credit,2025-03-03 09:02:00,Farah,Mortgage,243300.00,Branch,West,Approved
L0323,Manual review,2025-03-05 21:11:00,Gil,Mortgage,243300.00,Branch,West,Approved
L0323,Approve application,2025-03-06 05:13:00,Eli,Mortgage,243300.00,Branch,West,Approved
L0323,Send offer,2025-03-06 08:23:00,Chen,Mortgage,243300.00,Branch,West,Approved
L0323,Sign contract,2025-03-10 01:50:00,Ben,Mortgage,243300.00,Branch,West,Approved
L0324,Submit application,2025-02-23 15:00:00,Dana,Personal,13900.00,Branch,South,Rejected
L0324,Check completeness,2025-02-23 23:08:00,Chen,Personal,13900.00,Branch,South,Rejected
L0324,Request documents,2025-02-24 00:34:00,Ben,Personal,13900.00,Branch,South,Rejected
L0324,Receive documents,2025-03-05 18:22:00,Chen,Personal,13900.00,Branch,South,Rejected
L0324,Request documents,2025-03-05 20:37:00,Ana,Personal,13900.00,Branch,South,Rejected
L0324,Receive documents,2025-03-14 03:04:00,Dana,Personal,13900.00,Branch,South,Rejected
L0324,Request documents,2025-03-14 07:41:00,Chen,Personal,13900.00,Branch,South,Rejected
L0324,Receive documents,2025-03-23 13:30:00,Dana,Personal,13900.00,Branch,South,Rejected
L0324,Assess credit,2025-03-24 11:15:00,Farah,Personal,13900.00,Branch,South,Rejected
L0324,Reject application,2025-03-26 02:01:00,Farah,Personal,13900.00,Branch,South,Rejected
L0325,Submit application,2025-03-27 09:00:00,Ana,Business,116500.00,Branch,West,Approved
L0325,Check completeness,2025-03-27 19:44:00,Dana,Business,116500.00,Branch,West,Approved
L0325,Assess credit,2025-03-29 05:54:00,Eli,Business,116500.00,Branch,West,Approved
L0325,Manual review,2025-03-30 14:39:00,Gil,Business,116500.00,Branch,West,Approved
L0325,Approve application,2025-03-30 22:17:00,Eli,Business,116500.00,Branch,West,Approved
L0325,Send offer,2025-03-31 00:08:00,Ana,Business,116500.00,Branch,West,Approved
L0325,Sign contract,2025-04-01 07:40:00,Ana,Business,116500.00,Branch,West,Approved
L0326,Submit application,2025-05-10 13:00:00,Portal,Auto,10400.00,Online,East,Approved
L0326,Check completeness,2025-05-10 15:57:00,Dana,Auto,10400.00,Online,East,Approved
L0326,Assess credit,2025-05-10 23:53:00,Farah,Auto,10400.00,Online,East,Approved
L0326,Approve application,2025-05-11 18:37:00,Eli,Auto,10400.00,Online,East,Approved
L0326,Send offer,2025-05-11 19:52:00,Ana,Auto,10400.00,Online,East,Approved
L0326,Sign contract,2025-05-14 02:24:00,Chen,Auto,10400.00,Online,East,Approved
L0327,Submit application,2025-03-20 12:00:00,Portal,Personal,19600.00,Online,East,Approved
L0327,Check completeness,2025-03-21 02:02:00,Chen,Personal,19600.00,Online,East,Approved
L0327,Assess credit,2025-03-22 09:26:00,Eli,Personal,19600.00,Online,East,Approved
L0327,Approve application,2025-03-23 04:28:00,Farah,Personal,19600.00,Online,East,Approved
L0327,Send offer,2025-03-23 11:07:00,Ana,Personal,19600.00,Online,East,Approved
L0327,Sign contract,2025-03-26 09:39:00,Ben,Personal,19600.00,Online,East,Approved
L0328,Submit application,2025-03-21 12:00:00,Portal,Auto,17600.00,Online,North,Rejected
L0328,Check completeness,2025-03-21 21:46:00,Chen,Auto,17600.00,Online,North,Rejected
L0328,Request documents,2025-03-21 22:57:00,Ana,Auto,17600.00,Online,North,Rejected
L0328,Receive documents,2025-03-25 10:45:00,Dana,Auto,17600.00,Online,North,Rejected
L0328,Assess credit,2025-03-27 01:27:00,Eli,Auto,17600.00,Online,North,Rejected
L0328,Reject application,2025-03-28 12:58:00,Farah,Auto,17600.00,Online,North,Rejected
L0329,Submit application,2025-03-13 09:00:00,Portal,Auto,27000.00,Online,East,Approved
L0329,Check completeness,2025-03-14 03:28:00,Ana,Auto,27000.00,Online,East,Approved
L0329,Assess credit,2025-03-14 11:08:00,Eli,Auto,27000.00,Online,East,Approved
L0329,Approve application,2025-03-14 17:58:00,Eli,Auto,27000.00,Online,East,Approved
L0329,Send offer,2025-03-15 00:46:00,Ana,Auto,27000.00,Online,East,Approved
L0329,Sign contract,2025-03-16 12:10:00,Dana,Auto,27000.00,Online,East,Approved
L0330,Submit application,2025-02-15 12:00:00,Portal,Personal,6100.00,Online,West,Approved
L0330,Check completeness,2025-02-16 04:43:00,Dana,Personal,6100.00,Online,West,Approved
L0330,Assess credit,2025-02-17 16:17:00,Eli,Personal,6100.00,Online,West,Approved
L0330,Approve application,2025-02-18 09:54:00,Farah,Personal,6100.00,Online,West,Approved
L0330,Send offer,2025-02-18 15:01:00,Ana,Personal,6100.00,Online,West,Approved
L0330,Sign contract,2025-02-25 01:11:00,Dana,Personal,6100.00,Online,West,Approved
L0331,Submit application,2025-01-16 14:00:00,Portal,Auto,8700.00,Online,West,Approved
L0331,Check completeness,2025-01-17 00:34:00,Dana,Auto,8700.00,Online,West,Approved
L0331,Request documents,2025-01-17 05:28:00,Ben,Auto,8700.00,Online,West,Approved
L0331,Receive documents,2025-01-18 22:55:00,Dana,Auto,8700.00,Online,West,Approved
L0331,Assess credit,2025-01-19 07:55:00,Farah,Auto,8700.00,Online,West,Approved
L0331,Approve application,2025-01-19 20:07:00,Farah,Auto,8700.00,Online,West,Approved
L0331,Send offer,2025-01-20 01:14:00,Chen,Auto,8700.00,Online,West,Approved
L0331,Sign contract,2025-01-22 20:50:00,Ana,Auto,8700.00,Online,West,Approved
L0332,Submit application,2025-03-26 10:00:00,Ben,Personal,11900.00,Branch,North,Rejected
L0332,Check completeness,2025-03-26 17:05:00,Ana,Personal,11900.00,Branch,North,Rejected
L0332,Request documents,2025-03-26 18:25:00,Ana,Personal,11900.00,Branch,North,Rejected
L0332,Receive documents,2025-04-05 14:55:00,Chen,Personal,11900.00,Branch,North,Rejected
L0332,Assess credit,2025-04-06 23:12:00,Farah,Personal,11900.00,Branch,North,Rejected
L0332,Reject application,2025-04-08 17:26:00,Farah,Personal,11900.00,Branch,North,Rejected
L0333,Submit application,2025-06-19 11:00:00,Ben,Mortgage,250400.00,Branch,South,Approved
L0333,Check completeness,2025-06-20 07:52:00,Dana,Mortgage,250400.00,Branch,South,Approved
L0333,Assess credit,2025-06-22 06:01:00,Eli,Mortgage,250400.00,Branch,South,Approved
L0333,Manual review,2025-06-25 01:07:00,Gil,Mortgage,250400.00,Branch,South,Approved
L0333,Approve application,2025-06-25 15:32:00,Farah,Mortgage,250400.00,Branch,South,Approved
L0333,Send offer,2025-06-25 17:11:00,Ben,Mortgage,250400.00,Branch,South,Approved
L0333,Sign contract,2025-07-02 10:07:00,Chen,Mortgage,250400.00,Branch,South,Approved
L0334,Submit application,2025-05-12 08:00:00,Portal,Personal,10900.00,Online,East,Rejected
L0334,Check completeness,2025-05-13 07:24:00,Ana,Personal,10900.00,Online,East,Rejected
L0334,Request documents,2025-05-13 12:25:00,Chen,Personal,10900.00,Online,East,Rejected
L0334,Receive documents,2025-05-17 16:29:00,Chen,Personal,10900.00,Online,East,Rejected
L0334,Request documents,2025-05-17 20:35:00,Chen,Personal,10900.00,Online,East,Rejected
L0334,Receive documents,2025-05-21 03:14:00,Dana,Personal,10900.00,Online,East,Rejected
L0334,Assess credit,2025-05-22 00:01:00,Farah,Personal,10900.00,Online,East,Rejected
L0334,Reject application,2025-05-23 19:39:00,Eli,Personal,10900.00,Online,East,Rejected
L0335,Submit application,2025-03-26 10:00:00,Dana,Business,56700.00,Branch,South,Rejected
L0335,Check completeness,2025-03-26 13:55:00,Ben,Business,56700.00,Branch,South,Rejected
L0335,Reject application,2025-03-26 21:33:00,Dana,Business,56700.00,Branch,South,Rejected
L0336,Submit application,2025-03-22 13:00:00,Ben,Auto,30400.00,Branch,South,Rejected
L0336,Check completeness,2025-03-22 17:24:00,Ben,Auto,30400.00,Branch,South,Rejected
L0336,Reject application,2025-03-22 20:49:00,Ana,Auto,30400.00,Branch,South,Rejected
L0337,Submit application,2025-06-16 08:00:00,Portal,Personal,12700.00,Online,South,Approved
L0337,Check completeness,2025-06-17 04:39:00,Ben,Personal,12700.00,Online,South,Approved
L0337,Assess credit,2025-06-17 19:49:00,Eli,Personal,12700.00,Online,South,Approved
L0337,Approve application,2025-06-18 14:49:00,Farah,Personal,12700.00,Online,South,Approved
L0337,Send offer,2025-06-18 18:23:00,Ana,Personal,12700.00,Online,South,Approved
L0337,Sign contract,2025-06-22 20:42:00,Ben,Personal,12700.00,Online,South,Approved
L0338,Submit application,2025-01-22 09:00:00,Chen,Business,35900.00,Broker,North,Approved
L0338,Check completeness,2025-01-22 20:08:00,Ana,Business,35900.00,Broker,North,Approved
L0338,Assess credit,2025-01-24 08:17:00,Farah,Business,35900.00,Broker,North,Approved
L0338,Approve application,2025-01-24 17:31:00,Eli,Business,35900.00,Broker,North,Approved
L0338,Send offer,2025-01-25 01:08:00,Ana,Business,35900.00,Broker,North,Approved
L0338,Sign contract,2025-01-30 00:16:00,Dana,Business,35900.00,Broker,North,Approved
L0339,Submit application,2025-01-06 15:00:00,Ana,Auto,30700.00,Branch,East,Approved
L0339,Check completeness,2025-01-07 10:40:00,Ben,Auto,30700.00,Branch,East,Approved
L0339,Assess credit,2025-01-09 10:06:00,Farah,Auto,30700.00,Branch,East,Approved
L0339,Approve application,2025-01-10 05:22:00,Farah,Auto,30700.00,Branch,East,Approved
L0339,Send offer,2025-01-10 09:41:00,Dana,Auto,30700.00,Branch,East,Approved
L0339,Sign contract,2025-01-13 19:00:00,Chen,Auto,30700.00,Branch,East,Approved
L0340,Submit application,2025-05-23 14:00:00,Ana,Personal,17500.00,Branch,West,Rejected
L0340,Check completeness,2025-05-24 10:26:00,Ana,Personal,17500.00,Branch,West,Rejected
L0340,Request documents,2025-05-24 15:17:00,Ben,Personal,17500.00,Branch,West,Rejected
L0340,Receive documents,2025-06-02 07:11:00,Chen,Personal,17500.00,Branch,West,Rejected
L0340,Request documents,2025-06-02 08:44:00,Dana,Personal,17500.00,Branch,West,Rejected
L0340,Receive documents,2025-06-06 07:45:00,Dana,Personal,17500.00,Branch,West,Rejected
L0340,Request documents,2025-06-06 13:02:00,Dana,Personal,17500.00,Branch,West,Rejected
L0340,Receive documents,2025-06-15 18:37:00,Dana,Personal,17500.00,Branch,West,Rejected
L0340,Assess credit,2025-06-17 03:17:00,Farah,Personal,17500.00,Branch,West,Rejected
L0340,Reject application,2025-06-18 20:36:00,Eli,Personal,17500.00,Branch,West,Rejected
L0341,Submit application,2025-01-19 10:00:00,Chen,Business,123900.00,Broker,North,Rejected
L0341,Check completeness,2025-01-20 09:50:00,Ben,Business,123900.00,Broker,North,Rejected
L0341,Request documents,2025-01-20 15:04:00,Ben,Business,123900.00,Broker,North,Rejected
L0341,Receive documents,2025-01-26 00:38:00,Dana,Business,123900.00,Broker,North,Rejected
L0341,Assess credit,2025-01-27 14:28:00,Farah,Business,123900.00,Broker,North,Rejected
L0341,Manual review,2025-01-29 09:57:00,Gil,Business,123900.00,Broker,North,Rejected
L0341,Reject application,2025-01-30 23:29:00,Farah,Business,123900.00,Broker,North,Rejected
L0342,Submit application,2025-04-12 09:00:00,Portal,Mortgage,306600.00,Online,East,Approved
L0342,Check completeness,2025-04-12 23:34:00,Dana,Mortgage,306600.00,Online,East,Approved
L0342,Assess credit,2025-04-14 09:56:00,Farah,Mortgage,306600.00,Online,East,Approved
L0342,Manual review,2025-04-16 04:52:00,Gil,Mortgage,306600.00,Online,East,Approved
L0342,Approve application,2025-04-17 04:06:00,Farah,Mortgage,306600.00,Online,East,Approved
L0342,Send offer,2025-04-17 07:29:00,Ana,Mortgage,306600.00,Online,East,Approved
L0342,Sign contract,2025-04-24 00:39:00,Chen,Mortgage,306600.00,Online,East,Approved
L0343,Submit application,2025-06-24 10:00:00,Portal,Business,22700.00,Online,East,Approved
L0343,Check completeness,2025-06-25 05:56:00,Ben,Business,22700.00,Online,East,Approved
L0343,Assess credit,2025-06-26 10:15:00,Eli,Business,22700.00,Online,East,Approved
L0343,Approve application,2025-06-26 15:51:00,Farah,Business,22700.00,Online,East,Approved
L0343,Send offer,2025-06-26 23:47:00,Ana,Business,22700.00,Online,East,Approved
L0343,Sign contract,2025-06-29 04:37:00,Ben,Business,22700.00,Online,East,Approved
L0344,Submit application,2025-04-07 13:00:00,Ben,Personal,7200.00,Broker,West,Approved
L0344,Check completeness,2025-04-08 07:11:00,Chen,Personal,7200.00,Broker,West,Approved
L0344,Assess credit,2025-04-08 17:45:00,Eli,Personal,7200.00,Broker,West,Approved
L0344,Approve application,2025-04-09 12:03:00,Eli,Personal,7200.00,Broker,West,Approved
L0344,Send offer,2025-04-09 16:34:00,Dana,Personal,7200.00,Broker,West,Approved
L0344,Sign contract,2025-04-12 10:29:00,Ben,Personal,7200.00,Broker,West,Approved
L0345,Submit application,2025-03-09 10:00:00,Portal,Auto,29900.00,Online,West,Rejected
L0345,Check completeness,2025-03-09 13:49:00,Chen,Auto,29900.00,Online,West,Rejected
L0345,Request documents,2025-03-09 19:30:00,Ana,Auto,29900.00,Online,West,Rejected
L0345,Receive documents,2025-03-15 19:19:00,Chen,Auto,29900.00,Online,West,Rejected
L0345,Assess credit,2025-03-16 20:59:00,Farah,Auto,29900.00,Online,West,Rejected
L0345,Reject application,2025-03-18 09:13:00,Eli,Auto,29900.00,Online,West,Rejected
L0346,Submit application,2025-05-18 16:00:00,Chen,Auto,32500.00,Branch,North,Approved
L0346,Check completeness,2025-05-18 19:00:00,Chen,Auto,32500.00,Branch,North,Approved
L0346,Assess credit,2025-05-19 01:48:00,Farah,Auto,32500.00,Branch,North,Approved
L0346,Approve application,2025-05-19 13:42:00,Farah,Auto,32500.00,Branch,North,Approved
L0346,Send offer,2025-05-19 19:51:00,Chen,Auto,32500.00,Branch,North,Approved
L0346,Sign contract,2025-05-24 05:29:00,Dana,Auto,32500.00,Branch,North,Approved
L0347,Submit application,2025-06-18 14:00:00,Portal,Mortgage,327200.00,Online,North,Approved
L0347,Check completeness,2025-06-18 21:29:00,Ana,Mortgage,327200.00,Online,North,Approved
L0347,Assess credit,2025-06-20 17:39:00,Farah,Mortgage,327200.00,Online,North,Approved
L0347,Manual review,2025-06-23 14:59:00,Gil,Mortgage,327200.00,Online,North,Approved
L0347,Approve application,2025-06-24 05:51:00,Farah,Mortgage,327200.00,Online,North,Approved
L0347,Send offer,2025-06-24 09:09:00,Ben,Mortgage,327200.00,Online,North,Approved
L0347,Sign contract,2025-06-28 05:41:00,Dana,Mortgage,327200.00,Online,North,Approved
L0348,Submit application,2025-03-20 10:00:00,Dana,Personal,10400.00,Broker,North,Rejected
L0348,Check completeness,2025-03-20 14:13:00,Ana,Personal,10400.00,Broker,North,Rejected
L0348,Reject application,2025-03-20 16:56:00,Ana,Personal,10400.00,Broker,North,Rejected
L0349,Submit application,2025-02-21 13:00:00,Portal,Business,59300.00,Online,East,Approved
L0349,Check completeness,2025-02-22 11:04:00,Ana,Business,59300.00,Online,East,Approved
L0349,Assess credit,2025-02-23 03:15:00,Farah,Business,59300.00,Online,East,Approved
L0349,Manual review,2025-02-25 17:22:00,Gil,Business,59300.00,Online,East,Approved
L0349,Approve application,2025-02-26 09:56:00,Eli,Business,59300.00,Online,East,Approved
L0349,Send offer,2025-02-26 16:41:00,Ana,Business,59300.00,Online,East,Approved
L0349,Sign contract,2025-02-28 07:26:00,Dana,Business,59300.00,Online,East,Approved
L0350,Submit application,2025-02-02 11:00:00,Portal,Business,136000.00,Online,West,Rejected
L0350,Check completeness,2025-02-03 04:42:00,Dana,Business,136000.00,Online,West,Rejected
L0350,Reject application,2025-02-03 08:09:00,Ben,Business,136000.00,Online,West,Rejected
L0351,Submit application,2025-03-21 15:00:00,Chen,Personal,16000.00,Broker,East,Approved
L0351,Check completeness,2025-03-21 21:38:00,Ana,Personal,16000.00,Broker,East,Approved
L0351,Assess credit,2025-03-23 20:51:00,Farah,Personal,16000.00,Broker,East,Approved
L0351,Approve application,2025-03-24 07:17:00,Farah,Personal,16000.00,Broker,East,Approved
L0351,Send offer,2025-03-24 09:01:00,Dana,Personal,16000.00,Broker,East,Approved
L0351,Sign contract,2025-03-29 05:19:00,Ana,Personal,16000.00,Broker,East,Approved
L0352,Submit application,2025-04-10 15:00:00,Portal,Business,107900.00,Online,South,Approved
L0352,Check completeness,2025-04-11 03:37:00,Chen,Business,107900.00,Online,South,Approved
L0352,Assess credit,2025-04-11 12:14:00,Eli,Business,107900.00,Online,South,Approved
L0352,Manual review,2025-04-13 06:05:00,Gil,Business,107900.00,Online,South,Approved
L0352,Approve application,2025-04-14 03:00:00,Eli,Business,107900.00,Online,South,Approved
L0352,Send offer,2025-04-14 05:54:00,Dana,Business,107900.00,Online,South,Approved
L0352,Sign contract,2025-04-15 10:31:00,Ana,Business,107900.00,Online,South,Approved
L0353,Submit application,2025-02-20 09:00:00,Portal,Personal,9900.00,Online,North,Approved
L0353,Check completeness,2025-02-21 00:21:00,Ana,Personal,9900.00,Online,North,Approved
L0353,Assess credit,2025-02-21 21:20:00,Eli,Personal,9900.00,Online,North,Approved
L0353,Approve application,2025-02-22 05:00:00,Farah,Personal,9900.00,Online,North,Approved
L0353,Send offer,2025-02-22 10:18:00,Ben,Personal,9900.00,Online,North,Approved
L0353,Sign contract,2025-02-28 15:39:00,Ana,Personal,9900.00,Online,North,Approved
L0354,Submit application,2025-06-22 08:00:00,Ana,Business,110300.00,Broker,South,Rejected
L0354,Check completeness,2025-06-22 21:40:00,Ana,Business,110300.00,Broker,South,Rejected
L0354,Request documents,2025-06-23 01:38:00,Chen,Business,110300.00,Broker,South,Rejected
L0354,Receive documents,2025-06-29 18:50:00,Chen,Business,110300.00,Broker,South,Rejected
L0354,Request documents,2025-06-29 20:18:00,Dana,Business,110300.00,Broker,South,Rejected
L0354,Receive documents,2025-07-04 06:01:00,Ben,Business,110300.00,Broker,South,Rejected
L0354,Assess credit,2025-07-04 17:17:00,Farah,Business,110300.00,Broker,South,Rejected
L0354,Manual review,2025-07-07 09:41:00,Gil,Business,110300.00,Broker,South,Rejected
L0354,Reject application,2025-07-09 06:17:00,Eli,Business,110300.00,Broker,South,Rejected
L0355,Submit application,2025-05-18 12:00:00,Portal,Mortgage,179300.00,Online,East,Approved
L0355,Check completeness,2025-05-18 23:35:00,Dana,Mortgage,179300.00,Online,East,Approved
L0355,Assess credit,2025-05-19 08:50:00,Eli,Mortgage,179300.00,Online,East,Approved
L0355,Manual review,2025-05-20 11:41:00,Gil,Mortgage,179300.00,Online,East,Approved
L0355,Approve application,2025-05-21 00:12:00,Eli,Mortgage,179300.00,Online,East,Approved
L0355,Send offer,2025-05-21 03:17:00,Dana,Mortgage,179300.00,Online,East,Approved
L0355,Sign contract,2025-05-26 11:46:00,Chen,Mortgage,179300.00,Online,East,Approved
L0356,Submit application,2025-05-19 12:00:00,Portal,Business,108300.00,Online,South,Approved
L0356,Check completeness,2025-05-20 07:00:00,Dana,Business,108300.00,Online,South,Approved
L0356,Request documents,2025-05-20 12:00:00,Chen,Business,108300.00,Online,South,Approved
L0356,Receive documents,2025-05-23 04:18:00,Ben,Business,108300.00,Online,South,Approved
L0356,Assess credit,2025-05-24 08:19:00,Eli,Business,108300.00,Online,South,Approved
L0356,Manual review,2025-05-25 22:25:00,Gil,Business,108300.00,Online,South,Approved
L0356,Approve application,2025-05-26 19:52:00,Eli,Business,108300.00,Online,South,Approved
L0356,Send offer,2025-05-27 03:45:00,Ana,Business,108300.00,Online,South,Approved
L0356,Sign contract,2025-06-03 01:40:00,Dana,Business,108300.00,Online,South,Approved
L0357,Submit application,2025-05-22 08:00:00,Ben,Business,130700.00,Branch,West,Approved
L0357,Check completeness,2025-05-22 21:47:00,Ben,Business,130700.00,Branch,West,Approved
L0357,Assess credit,2025-05-23 02:44:00,Eli,Business,130700.00,Branch,West,Approved
L0357,Manual review,2025-05-25 11:49:00,Gil,Business,130700.00,Branch,West,Approved
L0357,Approve application,2025-05-26 10:34:00,Eli,Business,130700.00,Branch,West,Approved
L0357,Send offer,2025-05-26 13:07:00,Chen,Business,130700.00,Branch,West,Approved
L0357,Sign contract,2025-05-30 08:08:00,Ben,Business,130700.00,Branch,West,Approved
L0358,Submit application,2025-03-23 13:00:00,Ben,Personal,16900.00,Broker,South,Rejected
L0358,Check completeness,2025-03-24 02:43:00,Dana,Personal,16900.00,Broker,South,Rejected
L0358,Reject application,2025-03-24 09:23:00,Ben,Personal,16900.00,Broker,South,Rejected
L0359,Submit application,2025-02-14 08:00:00,Portal,Auto,34000.00,Online,West,Approved
L0359,Check completeness,2025-02-15 02:41:00,Chen,Auto,34000.00,Online,West,Approved
L0359,Request documents,2025-02-15 08:31:00,Dana,Auto,34000.00,Online,West,Approved
L0359,Receive documents,2025-02-17 19:20:00,Ben,Auto,34000.00,Online,West,Approved
L0359,Assess credit,2025-02-19 13:28:00,Farah,Auto,34000.00,Online,West,Approved
L0359,Approve application,2025-02-20 06:07:00,Eli,Auto,34000.00,Online,West,Approved
L0359,Send offer,2025-02-20 09:56:00,Ben,Auto,34000.00,Online,West,Approved
L0359,Sign contract,2025-02-23 02:57:00,Ana,Auto,34000.00,Online,West,Approved
L0360,Submit application,2025-06-27 13:00:00,Portal,Auto,16700.00,Online,East,Approved
L0360,Check completeness,2025-06-28 04:26:00,Ben,Auto,16700.00,Online,East,Approved
L0360,Assess credit,2025-06-29 23:54:00,Farah,Auto,16700.00,Online,East,Approved
L0360,Approve application,2025-06-30 06:16:00,Farah,Auto,16700.00,Online,East,Approved
L0360,Send offer,2025-06-30 11:46:00,Chen,Auto,16700.00,Online,East,Approved
L0360,Sign contract,2025-07-07 01:25:00,Ana,Auto,16700.00,Online,East,Approved
L0361,Submit application,2025-04-19 09:00:00,Portal,Personal,19800.00,Online,South,Approved
L0361,Check completeness,2025-04-19 16:04:00,Dana,Personal,19800.00,Online,South,Approved
L0361,Assess credit,2025-04-20 18:10:00,Eli,Personal,19800.00,Online,South,Approved
L0361,Approve application,2025-04-21 17:56:00,Eli,Personal,19800.00,Online,South,Approved
L0361,Send offer,2025-04-21 23:34:00,Chen,Personal,19800.00,Online,South,Approved
L0361,Sign contract,2025-04-26 16:34:00,Dana,Personal,19800.00,Online,South,Approved
L0362,Submit application,2025-02-19 12:00:00,Portal,Auto,20300.00,Online,North,Approved
L0362,Check completeness,2025-02-20 00:45:00,Chen,Auto,20300.00,Online,North,Approved
L0362,Assess credit,2025-02-20 07:35:00,Farah,Auto,20300.00,Online,North,Approved
L0362,Approve application,2025-02-20 15:24:00,Eli,Auto,20300.00,Online,North,Approved
L0362,Send offer,2025-02-20 21:48:00,Ana,Auto,20300.00,Online,North,Approved
L0362,Sign contract,2025-02-26 06:34:00,Ana,Auto,20300.00,Online,North,Approved
L0363,Submit application,2025-06-10 08:00:00,Dana,Business,125600.00,Broker,East,Approved
L0363,Check completeness,2025-06-11 04:55:00,Ben,Business,125600.00,Broker,East,Approved
L0363,Request documents,2025-06-11 07:19:00,Ben,Business,125600.00,Broker,East,Approved
L0363,Receive documents,2025-06-14 01:23:00,Ana,Business,125600.00,Broker,East,Approved
L0363,Assess credit,2025-06-15 12:04:00,Eli,Business,125600.00,Broker,East,Approved
L0363,Manual review,2025-06-17 13:29:00,Gil,Business,125600.00,Broker,East,Approved
L0363,Approve application,2025-06-18 09:02:00,Farah,Business,125600.00,Broker,East,Approved
L0363,Send offer,2025-06-18 15:40:00,Chen,Business,125600.00,Broker,East,Approved
L0363,Sign contract,2025-06-21 08:13:00,Dana,Business,125600.00,Broker,East,Approved
L0364,Submit application,2025-06-24 08:00:00,Ben,Personal,11800.00,Branch,North,Approved
L0364,Check completeness,2025-06-25 04:59:00,Chen,Personal,11800.00,Branch,North,Approved
L0364,Assess credit,2025-06-25 21:16:00,Farah,Personal,11800.00,Branch,North,Approved
L0364,Approve application,2025-06-26 01:42:00,Eli,Personal,11800.00,Branch,North,Approved
L0364,Send offer,2025-06-26 06:49:00,Chen,Personal,11800.00,Branch,North,Approved
L0364,Sign contract,2025-07-02 20:35:00,Ben,Personal,11800.00,Branch,North,Approved
L0365,Submit application,2025-05-15 10:00:00,Dana,Mortgage,323800.00,Branch,South,Approved
L0365,Check completeness,2025-05-15 23:00:00,Chen,Mortgage,323800.00,Branch,South,Approved
L0365,Assess credit,2025-05-17 07:18:00,Eli,Mortgage,323800.00,Branch,South,Approved
L0365,Manual review,2025-05-18 12:05:00,Gil,Mortgage,323800.00,Branch,South,Approved
L0365,Approve application,2025-05-19 11:52:00,Eli,Mortgage,323800.00,Branch,South,Approved
L0365,Send offer,2025-05-19 13:09:00,Ben,Mortgage,323800.00,Branch,South,Approved
L0365,Sign contract,2025-05-20 18:33:00,Ana,Mortgage,323800.00,Branch,South,Approved
L0366,Submit application,2025-03-13 13:00:00,Ben,Mortgage,162000.00,Branch,South,Approved
L0366,Check completeness,2025-03-13 23:57:00,Chen,Mortgage,162000.00,Branch,South,Approved
L0366,Request documents,2025-03-14 01:23:00,Dana,Mortgage,162000.00,Branch,South,Approved
L0366,Receive documents,2025-03-16 22:19:00,Ben,Mortgage,162000.00,Branch,South,Approved
L0366,Assess credit,2025-03-18 11:17:00,Eli,Mortgage,162000.00,Branch,South,Approved
L0366,Manual review,2025-03-20 05:12:00,Gil,Mortgage,162000.00,Branch,South,Approved
L0366,Approve application,2025-03-20 11:31:00,Eli,Mortgage,162000.00,Branch,South,Approved
L0366,Send offer,2025-03-20 15:04:00,Ana,Mortgage,162000.00,Branch,South,Approved
L0366,Sign contract,2025-03-25 02:35:00,Dana,Mortgage,162000.00,Branch,South,Approved
L0367,Submit application,2025-04-25 12:00:00,Chen,Mortgage,377400.00,Broker,North,Rejected
L0367,Check completeness,2025-04-26 02:59:00,Dana,Mortgage,377400.00,Broker,North,Rejected
L0367,Reject application,2025-04-26 06:24:00,Ben,Mortgage,377400.00,Broker,North,Rejected
L0368,Submit application,2025-04-23 15:00:00,Dana,Business,66200.00,Branch,South,Approved
L0368,Check completeness,2025-04-24 07:15:00,Ana,Business,66200.00,Branch,South,Approved
L0368,Request documents,2025-04-24 09:16:00,Dana,Business,66200.00,Branch,South,Approved
L0368,Receive documents,2025-04-27 07:20:00,Ben,Business,66200.00,Branch,South,Approved
L0368,Assess credit,2025-04-27 23:49:00,Farah,Business,66200.00,Branch,South,Approved
L0368,Manual review,2025-04-29 08:22:00,Gil,Business,66200.00,Branch,South,Approved
L0368,Approve application,2025-04-29 18:54:00,Eli,Business,66200.00,Branch,South,Approved
L0368,Send offer,2025-04-30 01:53:00,Dana,Business,66200.00,Branch,South,Approved
L0368,Sign contract,2025-05-05 06:41:00,Dana,Business,66200.00,Branch,South,Approved
L0369,Submit application,2025-01-14 11:00:00,Dana,Business,123700.00,Branch,South,Approved
L0369,Check completeness,2025-01-14 21:58:00,Ana,Business,123700.00,Branch,South,Approved
L0369,Assess credit,2025-01-15 19:51:00,Eli,Business,123700.00,Branch,South,Approved
L0369,Manual review,2025-01-18 02:40:00,Gil,Business,123700.00,Branch,South,Approved
L0369,Approve application,2025-01-18 09:38:00,Farah,Business,123700.00,Branch,South,Approved
L0369,Send offer,2025-01-18 17:22:00,Ana,Business,123700.00,Branch,South,Approved
L0369,Sign contract,2025-01-20 00:12:00,Ben,Business,123700.00,Branch,South,Approved
L0370,Submit application,2025-01-11 16:00:00,Portal,Personal,11900.00,Online,South,Approved
L0370,Check completeness,2025-01-12 10:41:00,Dana,Personal,11900.00,Online,South,Approved
L0370,Assess credit,2025-01-13 02:31:00,Farah,Personal,11900.00,Online,South,Approved
L0370,Approve application,2025-01-13 12:54:00,Farah,Personal,11900.00,Online,South,Approved
L0370,Send offer,2025-01-13 16:53:00,Ana,Personal,11900.00,Online,South,Approved
L0370,Sign contract,2025-01-19 23:56:00,Ana,Personal,11900.00,Online,South,Approved
L0371,Submit application,2025-01-25 12:00:00,Dana,Auto,25300.00,Branch,South,Approved
L0371,Check completeness,2025-01-26 06:13:00,Dana,Auto,25300.00,Branch,South,Approved
L0371,Assess credit,2025-01-27 06:44:00,Farah,Auto,25300.00,Branch,South,Approved
L0371,Approve application,2025-01-28 04:54:00,Farah,Auto,25300.00,Branch,South,Approved
L0371,Send offer,2025-01-28 08:37:00,Dana,Auto,25300.00,Branch,South,Approved
L0371,Sign contract,2025-02-02 09:32:00,Ben,Auto,25300.00,Branch,South,Approved
L0372,Submit application,2025-01-08 16:00:00,Ben,Personal,15700.00,Branch,West,Approved
L0372,Check completeness,2025-01-09 03:22:00,Dana,Personal,15700.00,Branch,West,Approved
L0372,Assess credit,2025-01-11 03:13:00,Eli,Personal,15700.00,Branch,West,Approved
L0372,Approve application,2025-01-11 09:05:00,Eli,Personal,15700.00,Branch,West,Approved
L0372,Send offer,2025-01-11 10:23:00,Ana,Personal,15700.00,Branch,West,Approved
L0372,Sign contract,2025-01-15 02:33:00,Ben,Personal,15700.00,Branch,West,Approved
L0373,Submit application,2025-03-02 15:00:00,Portal,Business,74600.00,Online,South,Rejected
L0373,Check completeness,2025-03-03 07:27:00,Ben,Business,74600.00,Online,South,Rejected
L0373,Reject application,2025-03-03 11:20:00,Ana,Business,74600.00,Online,South,Rejected
L0374,Submit application,2025-02-19 12:00:00,Dana,Mortgage,146200.00,Branch,North,Approved
L0374,Check completeness,2025-02-20 06:22:00,Chen,Mortgage,146200.00,Branch,North,Approved
L0374,Assess credit,2025-02-20 14:12:00,Farah,Mortgage,146200.00,Branch,North,Approved
L0374,Manual review,2025-02-23 06:57:00,Gil,Mortgage,146200.00,Branch,North,Approved
L0374,Approve application,2025-02-23 18:37:00,Eli,Mortgage,146200.00,Branch,North,Approved
L0374,Send offer,2025-02-24 01:24:00,Chen,Mortgage,146200.00,Branch,North,Approved
L0374,Sign contract,2025-03-01 23:12:00,Dana,Mortgage,146200.00,Branch,North,Approved
L0375,Submit application,2025-02-15 16:00:00,Portal,Mortgage,315400.00,Online,East,Approved
L0375,Check completeness,2025-02-15 22:24:00,Dana,Mortgage,315400.00,Online,East,Approved
L0375,Request documents,2025-02-16 00:40:00,Ben,Mortgage,315400.00,Online,East,Approved
L0375,Receive documents,2025-02-17 08:19:00,Chen,Mortgage,315400.00,Online,East,Approved
L0375,Assess credit,2025-02-18 19:05:00,Farah,Mortgage,315400.00,Online,East,Approved
L0375,Manual review,2025-02-20 14:31:00,Gil,Mortgage,315400.00,Online,East,Approved
L0375,Approve application,2025-02-21 09:56:00,Farah,Mortgage,315400.00,Online,East,Approved
L0375,Send offer,2025-02-21 14:24:00,Chen,Mortgage,315400.00,Online,East,Approved
L0375,Sign contract,2025-02-25 23:54:00,Dana,Mortgage,315400.00,Online,East,Approved
L0376,Submit application,2025-01-13 13:00:00,Portal,Mortgage,150000.00,Online,East,Rejected
L0376,Check completeness,2025-01-13 23:14:00,Chen,Mortgage,150000.00,Online,East,Rejected
L0376,Request documents,2025-01-14 04:57:00,Chen,Mortgage,150000.00,Online,East,Rejected
L0376,Receive documents,2025-01-23 20:03:00,Chen,Mortgage,150000.00,Online,East,Rejected
L0376,Assess credit,2025-01-25 18:25:00,Farah,Mortgage,150000.00,Online,East,Rejected
L0376,Manual review,2025-01-28 05:12:00,Gil,Mortgage,150000.00,Online,East,Rejected
L0376,Reject application,2025-01-29 07:23:00,Eli,Mortgage,150000.00,Online,East,Rejected
L0377,Submit application,2025-02-08 14:00:00,Portal,Mortgage,182900.00,Online,South,Approved
L0377,Check completeness,2025-02-09 06:20:00,Dana,Mortgage,182900.00,Online,South,Approved
L0377,Assess credit,2025-02-09 13:06:00,Eli,Mortgage,182900.00,Online,South,Approved
L0377,Manual review,2025-02-11 23:15:00,Gil,Mortgage,182900.00,Online,South,Approved
L0377,Approve application,2025-02-12 21:45:00,Eli,Mortgage,182900.00,Online,South,Approved
L0377,Send offer,2025-02-13 05:34:00,Dana,Mortgage,182900.00,Online,South,Approved
L0377,Sign contract,2025-02-18 14:49:00,Dana,Mortgage,182900.00,Online,South,Approved
L0378,Submit application,2025-04-14 09:00:00,Chen,Business,88200.00,Branch,East,Approved
L0378,Check completeness,2025-04-14 21:32:00,Ana,Business,88200.00,Branch,East,Approved
L0378,Assess credit,2025-04-15 15:36:00,Farah,Business,88200.00,Branch,East,Approved
L0378,Manual review,2025-04-18 07:44:00,Gil,Business,88200.00,Branch,East,Approved
L0378,Approve application,2025-04-18 13:22:00,Eli,Business,88200.00,Branch,East,Approved
L0378,Send offer,2025-04-18 20:33:00,Ben,Business,88200.00,Branch,East,Approved
L0378,Sign contract,2025-04-24 01:46:00,Dana,Business,88200.00,Branch,East,Approved
L0379,Submit application,2025-05-30 10:00:00,Portal,Business,67100.00,Online,South,Approved
L0379,Check completeness,2025-05-31 08:18:00,Dana,Business,67100.00,Online,South,Approved
L0379,Assess credit,2025-05-31 14:35:00,Eli,Business,67100.00,Online,South,Approved
L0379,Manual review,2025-06-01 21:29:00,Gil,Business,67100.00,Online,South,Approved
L0379,Approve application,2025-06-02 04:32:00,Eli,Business,67100.00,Online,South,Approved
L0379,Send offer,2025-06-02 10:42:00,Ana,Business,67100.00,Online,South,Approved
L0379,Sign contract,2025-06-09 02:08:00,Ana,Business,67100.00,Online,South,Approved
L0380,Submit application,2025-02-03 11:00:00,Portal,Business,138200.00,Online,East,Approved
L0380,Check completeness,2025-02-03 14:26:00,Dana,Business,138200.00,Online,East,Approved
L0380,Assess credit,2025-02-05 07:36:00,Eli,Business,138200.00,Online,East,Approved
L0380,Manual review,2025-02-06 21:53:00,Gil,Business,138200.00,Online,East,Approved
L0380,Approve application,2025-02-07 20:33:00,Farah,Business,138200.00,Online,East,Approved
L0380,Send offer,2025-02-08 03:15:00,Chen,Business,138200.00,Online,East,Approved
L0380,Sign contract,2025-02-10 13:34:00,Ben,Business,138200.00,Online,East,Approved
L0381,Submit application,2025-04-05 12:00:00,Portal,Auto,33400.00,Online,North,Approved
L0381,Check completeness,2025-04-05 15:04:00,Ana,Auto,33400.00,Online,North,Approved
L0381,Assess credit,2025-04-06 22:33:00,Eli,Auto,33400.00,Online,North,Approved
L0381,Approve application,2025-04-07 22:06:00,Eli,Auto,33400.00,Online,North,Approved
L0381,Send offer,2025-04-08 03:08:00,Dana,Auto,33400.00,Online,North,Approved
L0381,Sign contract,2025-04-09 16:47:00,Ana,Auto,33400.00,Online,North,Approved
L0382,Submit application,2025-04-04 11:00:00,Portal,Personal,15000.00,Online,South,Rejected
L0382,Check completeness,2025-04-05 06:38:00,Ben,Personal,15000.00,Online,South,Rejected
L0382,Request documents,2025-04-05 08:45:00,Chen,Personal,15000.00,Online,South,Rejected
L0382,Receive documents,2025-04-14 04:23:00,Dana,Personal,15000.00,Online,South,Rejected
L0382,Assess credit,2025-04-15 14:11:00,Eli,Personal,15000.00,Online,South,Rejected
L0382,Reject application,2025-04-17 09:35:00,Farah,Personal,15000.00,Online,South,Rejected
L0383,Submit application,2025-05-05 16:00:00,Ana,Business,143800.00,Broker,West,Approved
L0383,Check completeness,2025-05-06 10:22:00,Ana,Business,143800.00,Broker,West,Approved
L0383,Assess credit,2025-05-08 04:56:00,Eli,Business,143800.00,Broker,West,Approved
L0383,Manual review,2025-05-09 12:35:00,Gil,Business,143800.00,Broker,West,Approved
L0383,Approve application,2025-05-10 07:55:00,Farah,Business,143800.00,Broker,West,Approved
L0383,Send offer,2025-05-10 13:21:00,Chen,Business,143800.00,Broker,West,Approved
L0383,Sign contract,2025-05-13 03:24:00,Ben,Business,143800.00,Broker,West,Approved
L0384,Submit application,2025-04-18 08:00:00,Ana,Personal,18100.00,Branch,East,Rejected
L0384,Check completeness,2025-04-18 19:54:00,Chen,Personal,18100.00,Branch,East,Rejected
L0384,Request documents,2025-04-18 23:11:00,Ben,Personal,18100.00,Branch,East,Rejected
L0384,Receive documents,2025-04-27 20:26:00,Ben,Personal,18100.00,Branch,East,Rejected
L0384,Assess credit,2025-04-28 04:43:00,Eli,Personal,18100.00,Branch,East,Rejected
L0384,Reject application,2025-04-29 18:53:00,Eli,Personal,18100.00,Branch,East,Rejected
L0385,Submit application,2025-06-28 16:00:00,Ben,Mortgage,89800.00,Branch,North,Approved
L0385,Check completeness,2025-06-29 06:56:00,Dana,Mortgage,89800.00,Branch,North,Approved
L0385,Assess credit,2025-06-30 07:55:00,Eli,Mortgage,89800.00,Branch,North,Approved
L0385,Manual review,2025-07-02 18:31:00,Gil,Mortgage,89800.00,Branch,North,Approved
L0385,Approve application,2025-07-03 16:22:00,Farah,Mortgage,89800.00,Branch,North,Approved
L0385,Send offer,2025-07-03 18:46:00,Ana,Mortgage,89800.00,Branch,North,Approved
L0385,Sign contract,2025-07-08 13:52:00,Chen,Mortgage,89800.00,Branch,North,Approved
L0386,Submit application,2025-05-30 13:00:00,Ben,Personal,16600.00,Branch,South,Rejected
L0386,Check completeness,2025-05-31 11:39:00,Dana,Personal,16600.00,Branch,South,Rejected
L0386,Reject application,2025-05-31 14:10:00,Dana,Personal,16600.00,Branch,South,Rejected
L0387,Submit application,2025-03-30 10:00:00,Ana,Business,94000.00,Broker,East,Rejected
L0387,Check completeness,2025-03-31 09:26:00,Dana,Business,94000.00,Broker,East,Rejected
L0387,Reject application,2025-03-31 13:18:00,Ana,Business,94000.00,Broker,East,Rejected
L0388,Submit application,2025-05-20 15:00:00,Portal,Personal,12200.00,Online,North,Approved
L0388,Check completeness,2025-05-20 20:21:00,Ben,Personal,12200.00,Online,North,Approved
L0388,Assess credit,2025-05-21 14:01:00,Eli,Personal,12200.00,Online,North,Approved
L0388,Approve application,2025-05-21 21:45:00,Farah,Personal,12200.00,Online,North,Approved
L0388,Send offer,2025-05-22 03:40:00,Chen,Personal,12200.00,Online,North,Approved
L0388,Sign contract,2025-05-28 01:22:00,Ana,Personal,12200.00,Online,North,Approved
L0389,Submit application,2025-03-17 13:00:00,Dana,Personal,17500.00,Branch,North,Rejected
L0389,Check completeness,2025-03-17 18:37:00,Dana,Personal,17500.00,Branch,North,Rejected
L0389,Request documents,2025-03-17 20:54:00,Dana,Personal,17500.00,Branch,North,Rejected
L0389,Receive documents,2025-03-21 03:45:00,Ben,Personal,17500.00,Branch,North,Rejected
L0389,Assess credit,2025-03-22 11:01:00,Eli,Personal,17500.00,Branch,North,Rejected
L0389,Reject application,2025-03-23 06:40:00,Eli,Personal,17500.00,Branch,North,Rejected
L0390,Submit application,2025-03-08 16:00:00,Ana,Mortgage,242700.00,Broker,West,Approved
L0390,Check completeness,2025-03-08 19:50:00,Dana,Mortgage,242700.00,Broker,West,Approved
L0390,Request documents,2025-03-09 01:41:00,Chen,Mortgage,242700.00,Broker,West,Approved
L0390,Receive documents,2025-03-12 15:52:00,Chen,Mortgage,242700.00,Broker,West,Approved
L0390,Assess credit,2025-03-13 12:53:00,Eli,Mortgage,242700.00,Broker,West,Approved
L0390,Manual review,2025-03-16 06:25:00,Gil,Mortgage,242700.00,Broker,West,Approved
L0390,Approve application,2025-03-17 00:33:00,Farah,Mortgage,242700.00,Broker,West,Approved
L0390,Send offer,2025-03-17 02:08:00,Ben,Mortgage,242700.00,Broker,West,Approved
L0390,Sign contract,2025-03-23 23:26:00,Dana,Mortgage,242700.00,Broker,West,Approved
L0391,Submit application,2025-03-28 12:00:00,Portal,Business,149000.00,Online,North,Rejected
L0391,Check completeness,2025-03-28 17:10:00,Chen,Business,149000.00,Online,North,Rejected
L0391,Reject application,2025-03-28 23:09:00,Ana,Business,149000.00,Online,North,Rejected
L0392,Submit application,2025-06-23 15:00:00,Portal,Personal,2700.00,Online,East,Approved
L0392,Check completeness,2025-06-24 00:18:00,Dana,Personal,2700.00,Online,East,Approved
L0392,Assess credit,2025-06-25 05:00:00,Eli,Personal,2700.00,Online,East,Approved
L0392,Approve application,2025-06-25 10:26:00,Farah,Personal,2700.00,Online,East,Approved
L0392,Send offer,2025-06-25 13:35:00,Dana,Personal,2700.00,Online,East,Approved
L0392,Sign contract,2025-06-28 16:22:00,Ana,Personal,2700.00,Online,East,Approved
L0393,Submit application,2025-01-08 08:00:00,Ana,Personal,6500.00,Branch,North,Approved
L0393,Check completeness,2025-01-08 14:20:00,Ana,Personal,6500.00,Branch,North,Approved
L0393,Request documents,2025-01-08 20:14:00,Dana,Personal,6500.00,Branch,North,Approved
L0393,Receive documents,2025-01-12 11:03:00,Ana,Personal,6500.00,Branch,North,Approved
L0393,Assess credit,2025-01-13 08:22:00,Eli,Personal,6500.00,Branch,North,Approved
L0393,Approve application,2025-01-13 18:39:00,Farah,Personal,6500.00,Branch,North,Approved
L0393,Send offer,2025-01-13 19:59:00,Ana,Personal,6500.00,Branch,North,Approved
L0393,Sign contract,2025-01-19 19:32:00,Dana,Personal,6500.00,Branch,North,Approved
L0394,Submit application,2025-05-10 14:00:00,Portal,Mortgage,139600.00,Online,North,Rejected
L0394,Check completeness,2025-05-10 23:18:00,Dana,Mortgage,139600.00,Online,North,Rejected
L0394,Request documents,2025-05-11 03:02:00,Chen,Mortgage,139600.00,Online,North,Rejected
L0394,Receive documents,2025-05-19 18:50:00,Dana,Mortgage,139600.00,Online,North,Rejected
L0394,Request documents,2025-05-20 00:48:00,Chen,Mortgage,139600.00,Online,North,Rejected
L0394,Receive documents,2025-05-25 22:58:00,Dana,Mortgage,139600.00,Online,North,Rejected
L0394,Assess credit,2025-05-27 11:35:00,Farah,Mortgage,139600.00,Online,North,Rejected
L0394,Manual review,2025-05-29 01:06:00,Gil,Mortgage,139600.00,Online,North,Rejected
L0394,Reject application,2025-05-30 09:01:00,Eli,Mortgage,139600.00,Online,North,Rejected
L0395,Submit application,2025-01-16 15:00:00,Portal,Mortgage,201600.00,Online,North,Approved
L0395,Check completeness,2025-01-17 08:15:00,Dana,Mortgage,201600.00,Online,North,Approved
L0395,Assess credit,2025-01-17 16:30:00,Farah,Mortgage,201600.00,Online,North,Approved
L0395,Manual review,2025-01-20 05:02:00,Gil,Mortgage,201600.00,Online,North,Approved
L0395,Approve application,2025-01-20 23:27:00,Farah,Mortgage,201600.00,Online,North,Approved
L0395,Send offer,2025-01-21 02:07:00,Ben,Mortgage,201600.00,Online,North,Approved
L0395,Sign contract,2025-01-24 12:29:00,Chen,Mortgage,201600.00,Online,North,Approved
L0396,Submit application,2025-01-25 08:00:00,Portal,Business,49500.00,Online,South,Approved
L0396,Check completeness,2025-01-25 20:13:00,Chen,Business,49500.00,Online,South,Approved
L0396,Assess credit,2025-01-26 11:17:00,Eli,Business,49500.00,Online,South,Approved
L0396,Approve application,2025-01-27 01:06:00,Eli,Business,49500.00,Online,South,Approved
L0396,Send offer,2025-01-27 05:33:00,Ben,Business,49500.00,Online,South,Approved
L0396,Sign contract,2025-02-01 22:30:00,Ana,Business,49500.00,Online,South,Approved
L0397,Submit application,2025-01-07 10:00:00,Portal,Auto,11200.00,Online,West,Approved
L0397,Check completeness,2025-01-08 02:33:00,Ana,Auto,11200.00,Online,West,Approved
L0397,Assess credit,2025-01-08 11:48:00,Farah,Auto,11200.00,Online,West,Approved
L0397,Approve application,2025-01-08 21:47:00,Eli,Auto,11200.00,Online,West,Approved
L0397,Send offer,2025-01-09 02:35:00,Dana,Auto,11200.00,Online,West,Approved
L0397,Sign contract,2025-01-14 06:52:00,Ben,Auto,11200.00,Online,West,Approved
L0398,Submit application,2025-03-01 16:00:00,Ben,Personal,12800.00,Branch,North,Approved
L0398,Check completeness,2025-03-02 06:18:00,Chen,Personal,12800.00,Branch,North,Approved
L0398,Request documents,2025-03-02 10:18:00,Dana,Personal,12800.00,Branch,North,Approved
L0398,Receive documents,2025-03-05 18:29:00,Dana,Personal,12800.00,Branch,North,Approved
L0398,Assess credit,2025-03-07 08:04:00,Farah,Personal,12800.00,Branch,North,Approved
L0398,Approve application,2025-03-08 06:33:00,Farah,Personal,12800.00,Branch,North,Approved
L0398,Send offer,2025-03-08 12:07:00,Chen,Personal,12800.00,Branch,North,Approved
L0398,Sign contract,2025-03-13 13:45:00,Ben,Personal,12800.00,Branch,North,Approved
L0399,Submit application,2025-04-19 15:00:00,Ben,Personal,2000.00,Broker,North,Approved
L0399,Check completeness,2025-04-20 14:20:00,Ana,Personal,2000.00,Broker,North,Approved
L0399,Assess credit,2025-04-21 09:41:00,Eli,Personal,2000.00,Broker,North,Approved
L0399,Approve application,2025-04-21 17:19:00,Eli,Personal,2000.00,Broker,North,Approved
L0399,Send offer,2025-04-21 23:00:00,Ana,Personal,2000.00,Broker,North,Approved
L0399,Sign contract,2025-04-27 15:11:00,Dana,Personal,2000.00,Broker,North,Approved
L0400,Submit application,2025-05-20 16:00:00,Portal,Personal,14100.00,Online,South,Approved
L0400,Check completeness,2025-05-21 03:37:00,Dana,Personal,14100.00,Online,South,Approved
L0400,Assess credit,2025-05-22 14:00:00,Eli,Personal,14100.00,Online,South,Approved
L0400,Approve application,2025-05-23 06:32:00,Farah,Personal,14100.00,Online,South,Approved
L0400,Send offer,2025-05-23 13:31:00,Ben,Personal,14100.00,Online,South,Approved
L0400,Sign contract,2025-05-25 00:48:00,Ana,Personal,14100.00,Online,South,Approved
L0401,Submit application,2025-04-24 14:00:00,Ana,Personal,10700.00,Branch,South,Approved
L0401,Check completeness,2025-04-24 23:29:00,Chen,Personal,10700.00,Branch,South,Approved
L0401,Assess credit,2025-04-26 16:40:00,Farah,Personal,10700.00,Branch,South,Approved
L0401,Approve application,2025-04-27 10:01:00,Farah,Personal,10700.00,Branch,South,Approved
L0401,Send offer,2025-04-27 12:37:00,Ben,Personal,10700.00,Branch,South,Approved
L0401,Sign contract,2025-05-01 22:24:00,Ana,Personal,10700.00,Branch,South,Approved
L0402,Submit application,2025-06-03 15:00:00,Portal,Mortgage,218800.00,Online,North,Approved
L0402,Check completeness,2025-06-04 11:01:00,Ben,Mortgage,218800.00,Online,North,Approved
L0402,Assess credit,2025-06-05 01:32:00,Eli,Mortgage,218800.00,Online,North,Approved
L0402,Manual review,2025-06-07 14:03:00,Gil,Mortgage,218800.00,Online,North,Approved
L0402,Approve application,2025-06-08 04:03:00,Eli,Mortgage,218800.00,Online,North,Approved
L0402,Send offer,2025-06-08 06:48:00,Ben,Mortgage,218800.00,Online,North,Approved
L0402,Sign contract,2025-06-09 20:38:00,Chen,Mortgage,218800.00,Online,North,Approved
L0403,Submit application,2025-05-27 14:00:00,Portal,Auto,21600.00,Online,South,Approved
L0403,Check completeness,2025-05-27 19:30:00,Chen,Auto,21600.00,Online,South,Approved
L0403,Assess credit,2025-05-29 13:08:00,Farah,Auto,21600.00,Online,South,Approved
L0403,Approve application,2025-05-29 19:49:00,Farah,Auto,21600.00,Online,South,Approved
L0403,Send offer,2025-05-30 01:36:00,Chen,Auto,21600.00,Online,South,Approved
L0403,Sign contract,2025-06-03 21:12:00,Ben,Auto,21600.00,Online,South,Approved
L0404,Submit application,2025-06-08 15:00:00,Ana,Personal,5400.00,Branch,West,Rejected
L0404,Check completeness,2025-06-08 21:43:00,Dana,Personal,5400.00,Branch,West,Rejected
L0404,Request documents,2025-06-09 02:08:00,Chen,Personal,5400.00,Branch,West,Rejected
L0404,Receive documents,2025-06-18 00:27:00,Ben,Personal,5400.00,Branch,West,Rejected
L0404,Request documents,2025-06-18 03:26:00,Ana,Personal,5400.00,Branch,West,Rejected
L0404,Receive documents,2025-06-26 15:56:00,Ana,Personal,5400.00,Branch,West,Rejected
L0404,Assess credit,2025-06-26 22:50:00,Eli,Personal,5400.00,Branch,West,Rejected
L0404,Reject application,2025-06-27 22:41:00,Eli,Personal,5400.00,Branch,West,Rejected
L0405,Submit application,2025-02-20 08:00:00,Ben,Auto,29600.00,Branch,West,Approved
L0405,Check completeness,2025-02-20 11:20:00,Chen,Auto,29600.00,Branch,West,Approved
L0405,Request documents,2025-02-20 13:48:00,Ana,Auto,29600.00,Branch,West,Approved
L0405,Receive documents,2025-02-23 22:23:00,Ana,Auto,29600.00,Branch,West,Approved
L0405,Assess credit,2025-02-25 07:22:00,Farah,Auto,29600.00,Branch,West,Approved
L0405,Approve application,2025-02-25 22:50:00,Farah,Auto,29600.00,Branch,West,Approved
L0405,Send offer,2025-02-26 03:47:00,Ben,Auto,29600.00,Branch,West,Approved
L0405,Sign contract,2025-02-27 12:22:00,Chen,Auto,29600.00,Branch,West,Approved
L0406,Submit application,2025-06-01 13:00:00,Portal,Personal,9200.00,Online,West,Approved
L0406,Check completeness,2025-06-02 10:30:00,Ana,Personal,9200.00,Online,West,Approved
L0406,Assess credit,2025-06-03 09:48:00,Farah,Personal,9200.00,Online,West,Approved
L0406,Approve application,2025-06-03 21:00:00,Farah,Personal,9200.00,Online,West,Approved
L0406,Send offer,2025-06-03 23:51:00,Chen,Personal,9200.00,Online,West,Approved
L0406,Sign contract,2025-06-09 12:07:00,Chen,Personal,9200.00,Online,West,Approved
L0407,Submit application,2025-05-15 14:00:00,Ana,Personal,4400.00,Broker,South,Rejected
L0407,Check completeness,2025-05-16 08:13:00,Chen,Personal,4400.00,Broker,South,Rejected
L0407,Reject application,2025-05-16 09:54:00,Chen,Personal,4400.00,Broker,South,Rejected
L0408,Submit application,2025-01-09 16:00:00,Portal,Business,52600.00,Online,North,Approved
L0408,Check completeness,2025-01-09 22:56:00,Ben,Business,52600.00,Online,North,Approved
L0408,Assess credit,2025-01-11 08:00:00,Eli,Business,52600.00,Online,North,Approved
L0408,Manual review,2025-01-13 07:43:00,Gil,Business,52600.00,Online,North,Approved
L0408,Approve application,2025-01-13 23:56:00,Eli,Business,52600.00,Online,North,Approved
L0408,Send offer,2025-01-14 05:09:00,Chen,Business,52600.00,Online,North,Approved
L0408,Sign contract,2025-01-19 18:37:00,Dana,Business,52600.00,Online,North,Approved
L0409,Submit application,2025-03-06 12:00:00,Ana,Personal,16700.00,Broker,South,Rejected
L0409,Check completeness,2025-03-06 16:53:00,Chen,Personal,16700.00,Broker,South,Rejected
L0409,Request documents,2025-03-06 21:41:00,Ben,Personal,16700.00,Broker,South,Rejected
L0409,Receive documents,2025-03-14 05:04:00,Ana,Personal,16700.00,Broker,South,Rejected
L0409,Assess credit,2025-03-15 23:52:00,Farah,Personal,16700.00,Broker,South,Rejected
L0409,Reject application,2025-03-16 08:42:00,Eli,Personal,16700.00,Broker,South,Rejected
L0410,Submit application,2025-05-29 10:00:00,Portal,Mortgage,391100.00,Online,South,Rejected
L0410,Check completeness,2025-05-29 22:14:00,Ana,Mortgage,391100.00,Online,South,Rejected
L0410,Reject application,2025-05-30 02:29:00,Ben,Mortgage,391100.00,Online,South,Rejected
L0411,Submit application,2025-04-14 11:00:00,Dana,Personal,6300.00,Broker,East,Rejected
L0411,Check completeness,2025-04-14 14:04:00,Ana,Personal,6300.00,Broker,East,Rejected
L0411,Request documents,2025-04-14 16:07:00,Ana,Personal,6300.00,Broker,East,Rejected
L0411,Receive documents,2025-04-23 12:37:00,Ben,Personal,6300.00,Broker,East,Rejected
L0411,Request documents,2025-04-23 17:28:00,Chen,Personal,6300.00,Broker,East,Rejected
L0411,Receive documents,2025-04-27 06:13:00,Chen,Personal,6300.00,Broker,East,Rejected
L0411,Assess credit,2025-04-28 14:53:00,Farah,Personal,6300.00,Broker,East,Rejected
L0411,Reject application,2025-04-28 23:47:00,Farah,Personal,6300.00,Broker,East,Rejected
L0412,Submit application,2025-02-21 09:00:00,Portal,Personal,10500.00,Online,South,Rejected
L0412,Check completeness,2025-02-21 18:00:00,Ben,Personal,10500.00,Online,South,Rejected
L0412,Assess credit,2025-02-22 18:41:00,Farah,Personal,10500.00,Online,South,Rejected
L0412,Reject application,2025-02-24 11:08:00,Eli,Personal,10500.00,Online,South,Rejected
L0413,Submit application,2025-03-06 16:00:00,Portal,Personal,14600.00,Online,East,Approved
L0413,Check completeness,2025-03-06 20:29:00,Ana,Personal,14600.00,Online,East,Approved
L0413,Assess credit,2025-03-08 08:11:00,Farah,Personal,14600.00,Online,East,Approved
L0413,Approve application,2025-03-08 17:04:00,Eli,Personal,14600.00,Online,East,Approved
L0413,Send offer,2025-03-08 23:01:00,Ana,Personal,14600.00,Online,East,Approved
L0413,Sign contract,2025-03-14 05:06:00,Ben,Personal,14600.00,Online,East,Approved
L0414,Submit application,2025-04-28 10:00:00,Ana,Personal,10300.00,Broker,East,Approved
L0414,Check completeness,2025-04-29 03:17:00,Dana,Personal,10300.00,Broker,East,Approved
L0414,Assess credit,2025-04-29 19:29:00,Farah,Personal,10300.00,Broker,East,Approved
L0414,Approve application,2025-04-30 11:07:00,Farah,Personal,10300.00,Broker,East,Approved
L0414,Send offer,2025-04-30 16:08:00,Ana,Personal,10300.00,Broker,East,Approved
L0414,Sign contract,2025-05-02 20:51:00,Dana,Personal,10300.00,Broker,East,Approved
L0415,Submit application,2025-06-29 16:00:00,Dana,Auto,35300.00,Broker,West,Rejected
L0415,Check completeness,2025-06-30 13:21:00,Dana,Auto,35300.00,Broker,West,Rejected
L0415,Request documents,2025-06-30 15:33:00,Ben,Auto,35300.00,Broker,West,Rejected
L0415,Receive documents,2025-07-07 22:31:00,Chen,Auto,35300.00,Broker,West,Rejected
L0415,Assess credit,2025-07-08 13:20:00,Eli,Auto,35300.00,Broker,West,Rejected
L0415,Reject application,2025-07-09 11:21:00,Farah,Auto,35300.00,Broker,West,Rejected
L0416,Submit application,2025-05-25 16:00:00,Portal,Auto,20200.00,Online,South,Approved
L0416,Check completeness,2025-05-25 21:58:00,Ben,Auto,20200.00,Online,South,Approved
L0416,Assess credit,2025-05-27 10:44:00,Eli,Auto,20200.00,Online,South,Approved
L0416,Approve application,2025-05-27 23:32:00,Farah,Auto,20200.00,Online,South,Approved
L0416,Send offer,2025-05-28 01:14:00,Dana,Auto,20200.00,Online,South,Approved
L0416,Sign contract,2025-05-31 05:52:00,Ben,Auto,20200.00,Online,South,Approved
L0417,Submit application,2025-05-19 12:00:00,Portal,Personal,16700.00,Online,North,Approved
L0417,Check completeness,2025-05-20 03:26:00,Dana,Personal,16700.00,Online,North,Approved
L0417,Assess credit,2025-05-20 14:24:00,Eli,Personal,16700.00,Online,North,Approved
L0417,Approve application,2025-05-20 19:32:00,Eli,Personal,16700.00,Online,North,Approved
L0417,Send offer,2025-05-20 22:32:00,Ben,Personal,16700.00,Online,North,Approved
L0417,Sign contract,2025-05-26 09:09:00,Dana,Personal,16700.00,Online,North,Approved
L0418,Submit application,2025-05-11 11:00:00,Ana,Personal,18600.00,Branch,North,Rejected
L0418,Check completeness,2025-05-11 22:17:00,Ben,Personal,18600.00,Branch,North,Rejected
L0418,Request documents,2025-05-12 03:04:00,Ben,Personal,18600.00,Branch,North,Rejected
L0418,Receive documents,2025-05-19 11:14:00,Ben,Personal,18600.00,Branch,North,Rejected
L0418,Request documents,2025-05-19 15:59:00,Chen,Personal,18600.00,Branch,North,Rejected
L0418,Receive documents,2025-05-23 23:02:00,Chen,Personal,18600.00,Branch,North,Rejected
L0418,Assess credit,2025-05-25 19:51:00,Eli,Personal,18600.00,Branch,North,Rejected
L0418,Reject application,2025-05-27 11:53:00,Farah,Personal,18600.00,Branch,North,Rejected
L0419,Submit application,2025-06-17 16:00:00,Portal,Personal,7400.00,Online,North,Approved
L0419,Check completeness,2025-06-18 03:34:00,Ana,Personal,7400.00,Online,North,Approved
L0419,Assess credit,2025-06-18 11:44:00,Farah,Personal,7400.00,Online,North,Approved
L0419,Approve application,2025-06-19 00:41:00,Eli,Personal,7400.00,Online,North,Approved
L0419,Send offer,2025-06-19 06:55:00,Ana,Personal,7400.00,Online,North,Approved
L0419,Sign contract,2025-06-23 01:01:00,Dana,Personal,7400.00,Online,North,Approved
L0420,Submit application,2025-02-10 15:00:00,Ben,Personal,14500.00,Branch,North,Approved
L0420,Check completeness,2025-02-10 19:49:00,Ana,Personal,14500.00,Branch,North,Approved
L0420,Assess credit,2025-02-11 17:27:00,Farah,Personal,14500.00,Branch,North,Approved
L0420,Approve application,2025-02-12 01:45:00,Farah,Personal,14500.00,Branch,North,Approved
L0420,Send offer,2025-02-12 05:43:00,Ben,Personal,14500.00,Branch,North,Approved
L0420,Sign contract,2025-02-14 11:05:00,Dana,Personal,14500.00,Branch,North,Approved
L0421,Submit application,2025-05-13 14:00:00,Portal,Personal,6100.00,Online,East,Approved
L0421,Check completeness,2025-05-13 19:37:00,Ana,Personal,6100.00,Online,East,Approved
L0421,Assess credit,2025-05-14 08:26:00,Farah,Personal,6100.00,Online,East,Approved
L0421,Approve application,2025-05-15 05:35:00,Farah,Personal,6100.00,Online,East,Approved
L0421,Send offer,2025-05-15 07:14:00,Chen,Personal,6100.00,Online,East,Approved
L0421,Sign contract,2025-05-19 18:18:00,Chen,Personal,6100.00,Online,East,Approved
L0422,Submit application,2025-06-04 12:00:00,Chen,Personal,19600.00,Broker,South,Rejected
L0422,Check completeness,2025-06-05 09:21:00,Ana,Personal,19600.00,Broker,South,Rejected
L0422,Request documents,2025-06-05 13:34:00,Ben,Personal,19600.00,Broker,South,Rejected
L0422,Receive documents,2025-06-11 13:49:00,Dana,Personal,19600.00,Broker,South,Rejected
L0422,Request documents,2025-06-11 17:04:00,Ana,Personal,19600.00,Broker,South,Rejected
L0422,Receive documents,2025-06-17 16:25:00,Chen,Personal,19600.00,Broker,South,Rejected
L0422,Assess credit,2025-06-18 14:49:00,Farah,Personal,19600.00,Broker,South,Rejected
L0422,Reject application,2025-06-20 05:59:00,Farah,Personal,19600.00,Broker,South,Rejected
L0423,Submit application,2025-06-15 11:00:00,Ben,Auto,14000.00,Branch,South,Approved
L0423,Check completeness,2025-06-15 14:15:00,Ben,Auto,14000.00,Branch,South,Approved
L0423,Assess credit,2025-06-16 16:29:00,Farah,Auto,14000.00,Branch,South,Approved
L0423,Approve application,2025-06-17 03:59:00,Farah,Auto,14000.00,Branch,South,Approved
L0423,Send offer,2025-06-17 08:11:00,Chen,Auto,14000.00,Branch,South,Approved
L0423,Sign contract,2025-06-24 07:15:00,Ben,Auto,14000.00,Branch,South,Approved
L0424,Submit application,2025-06-15 13:00:00,Ana,Personal,15000.00,Branch,South,Approved
L0424,Check completeness,2025-06-16 10:52:00,Dana,Personal,15000.00,Branch,South,Approved
L0424,Assess credit,2025-06-18 06:02:00,Eli,Personal,15000.00,Branch,South,Approved
L0424,Approve application,2025-06-18 23:00:00,Eli,Personal,15000.00,Branch,South,Approved
L0424,Send offer,2025-06-19 03:11:00,Ana,Personal,15000.00,Branch,South,Approved
L0424,Sign contract,2025-06-26 02:10:00,Ben,Personal,15000.00,Branch,South,Approved
L0425,Submit application,2025-05-23 16:00:00,Ben,Mortgage,93400.00,Broker,East,Approved
L0425,Check completeness,2025-05-24 09:46:00,Ben,Mortgage,93400.00,Broker,East,Approved
L0425,Assess credit,2025-05-25 09:52:00,Farah,Mortgage,93400.00,Broker,East,Approved
L0425,Manual review,2025-05-26 18:33:00,Gil,Mortgage,93400.00,Broker,East,Approved
L0425,Approve application,2025-05-27 01:58:00,Farah,Mortgage,93400.00,Broker,East,Approved
L0425,Send offer,2025-05-27 07:31:00,Ben,Mortgage,93400.00,Broker,East,Approved
L0425,Sign contract,2025-05-31 12:24:00,Ben,Mortgage,93400.00,Broker,East,Approved
L0426,Submit application,2025-02-26 15:00:00,Portal,Auto,15900.00,Online,West,Rejected
L0426,Check completeness,2025-02-27 12:09:00,Chen,Auto,15900.00,Online,West,Rejected
L0426,Request documents,2025-02-27 17:19:00,Chen,Auto,15900.00,Online,West,Rejected
L0426,Receive documents,2025-03-09 11:28:00,Ben,Auto,15900.00,Online,West,Rejected
L0426,Request documents,2025-03-09 14:33:00,Ben,Auto,15900.00,Online,West,Rejected
L0426,Receive documents,2025-03-14 21:37:00,Chen,Auto,15900.00,Online,West,Rejected
L0426,Request documents,2025-03-15 01:39:00,Ana,Auto,15900.00,Online,West,Rejected
L0426,Receive documents,2025-03-18 15:59:00,Chen,Auto,15900.00,Online,West,Rejected
L0426,Assess credit,2025-03-19 08:00:00,Eli,Auto,15900.00,Online,West,Rejected
L0426,Reject application,2025-03-19 23:47:00,Eli,Auto,15900.00,Online,West,Rejected
L0427,Submit application,2025-03-08 08:00:00,Chen,Auto,14800.00,Branch,West,Rejected
L0427,Check completeness,2025-03-08 22:41:00,Ben,Auto,14800.00,Branch,West,Rejected
L0427,Request documents,2025-03-09 02:21:00,Ben,Auto,14800.00,Branch,West,Rejected
L0427,Receive documents,2025-03-13 16:20:00,Dana,Auto,14800.00,Branch,West,Rejected
L0427,Assess credit,2025-03-14 12:57:00,Eli,Auto,14800.00,Branch,West,Rejected
L0427,Reject application,2025-03-16 00:59:00,Eli,Auto,14800.00,Branch,West,Rejected
L0428,Submit application,2025-05-23 16:00:00,Portal,Mortgage,314900.00,Online,East,Approved
L0428,Check completeness,2025-05-24 14:10:00,Ana,Mortgage,314900.00,Online,East,Approved
L0428,Assess credit,2025-05-25 03:25:00,Eli,Mortgage,314900.00,Online,East,Approved
L0428,Manual review,2025-05-27 13:02:00,Gil,Mortgage,314900.00,Online,East,Approved
L0428,Approve application,2025-05-27 20:37:00,Farah,Mortgage,314900.00,Online,East,Approved
L0428,Send offer,2025-05-27 23:54:00,Ben,Mortgage,314900.00,Online,East,Approved
L0428,Sign contract,2025-05-31 23:41:00,Chen,Mortgage,314900.00,Online,East,Approved
L0429,Submit application,2025-05-19 10:00:00,Portal,Mortgage,267400.00,Online,East,Approved
L0429,Check completeness,2025-05-19 19:38:00,Ben,Mortgage,267400.00,Online,East,Approved
L0429,Assess credit,2025-05-20 17:03:00,Farah,Mortgage,267400.00,Online,East,Approved
L0429,Manual review,2025-05-23 15:49:00,Gil,Mortgage,267400.00,Online,East,Approved
L0429,Approve application,2025-05-24 11:13:00,Eli,Mortgage,267400.00,Online,East,Approved
L0429,Send offer,2025-05-24 19:05:00,Ana,Mortgage,267400.00,Online,East,Approved
L0429,Sign contract,2025-05-28 12:53:00,Dana,Mortgage,267400.00,Online,East,Approved
L0430,Submit application,2025-03-26 09:00:00,Dana,Auto,17900.00,Branch,North,Rejected
L0430,Check completeness,2025-03-27 02:55:00,Dana,Auto,17900.00,Branch,North,Rejected
L0430,Reject application,2025-03-27 06:47:00,Dana,Auto,17900.00,Branch,North,Rejected
L0431,Submit application,2025-06-13 10:00:00,Portal,Mortgage,91700.00,Online,East,Approved
L0431,Check completeness,2025-06-13 20:54:00,Ben,Mortgage,91700.00,Online,East,Approved
L0431,Assess credit,2025-06-15 10:14:00,Eli,Mortgage,91700.00,Online,East,Approved
L0431,Manual review,2025-06-17 06:47:00,Gil,Mortgage,91700.00,Online,East,Approved
L0431,Approve application,2025-06-17 11:53:00,Farah,Mortgage,91700.00,Online,East,Approved
L0431,Send offer,2025-06-17 18:05:00,Ben,Mortgage,91700.00,Online,East,Approved
L0431,Sign contract,2025-06-19 08:35:00,Chen,Mortgage,91700.00,Online,East,Approved
L0432,Submit application,2025-01-11 08:00:00,Ana,Business,128700.00,Broker,North,Approved
L0432,Check completeness,2025-01-12 02:14:00,Ben,Business,128700.00,Broker,North,Approved
L0432,Request documents,2025-01-12 03:28:00,Dana,Business,128700.00,Broker,North,Approved
L0432,Receive documents,2025-01-13 19:44:00,Ana,Business,128700.00,Broker,North,Approved
L0432,Assess credit,2025-01-14 18:02:00,Eli,Business,128700.00,Broker,North,Approved
L0432,Manual review,2025-01-17 05:01:00,Gil,Business,128700.00,Broker,North,Approved
L0432,Approve application,2025-01-17 12:15:00,Eli,Business,128700.00,Broker,North,Approved
L0432,Send offer,2025-01-17 17:38:00,Ben,Business,128700.00,Broker,North,Approved
L0432,Sign contract,2025-01-22 17:04:00,Ben,Business,128700.00,Broker,North,Approved
L0433,Submit application,2025-01-19 13:00:00,Dana,Personal,18300.00,Branch,West,Approved
L0433,Check completeness,2025-01-19 17:08:00,Ana,Personal,18300.00,Branch,West,Approved
L0433,Assess credit,2025-01-20 19:05:00,Farah,Personal,18300.00,Branch,West,Approved
L0433,Approve application,2025-01-21 14:51:00,Farah,Personal,18300.00,Branch,West,Approved
L0433,Send offer,2025-01-21 17:21:00,Chen,Personal,18300.00,Branch,West,Approved
L0433,Sign contract,2025-01-26 08:41:00,Ben,Personal,18300.00,Branch,West,Approved
L0434,Submit application,2025-02-04 13:00:00,Dana,Auto,29300.00,Branch,South,Approved
L0434,Check completeness,2025-02-05 02:05:00,Ben,Auto,29300.00,Branch,South,Approved
L0434,Assess credit,2025-02-06 01:17:00,Eli,Auto,29300.00,Branch,South,Approved
L0434,Approve application,2025-02-06 11:15:00,Farah,Auto,29300.00,Branch,South,Approved
L0434,Send offer,2025-02-06 17:57:00,Ana,Auto,29300.00,Branch,South,Approved
L0434,Sign contract,2025-02-09 22:32:00,Ben,Auto,29300.00,Branch,South,Approved
L0435,Submit application,2025-05-10 09:00:00,Portal,Personal,5300.00,Online,North,Approved
L0435,Check completeness,2025-05-11 04:28:00,Chen,Personal,5300.00,Online,North,Approved
L0435,Assess credit,2025-05-12 07:02:00,Eli,Personal,5300.00,Online,North,Approved
L0435,Approve application,2025-05-12 14:00:00,Farah,Personal,5300.00,Online,North,Approved
L0435,Send offer,2025-05-12 18:52:00,Dana,Personal,5300.00,Online,North,Approved
L0435,Sign contract,2025-05-18 18:36:00,Dana,Personal,5300.00,Online,North,Approved
L0436,Submit application,2025-04-17 12:00:00,Portal,Personal,15400.00,Online,North,Approved
L0436,Check completeness,2025-04-17 22:21:00,Ben,Personal,15400.00,Online,North,Approved
L0436,Assess credit,2025-04-19 11:18:00,Eli,Personal,15400.00,Online,North,Approved
L0436,Approve application,2025-04-19 17:05:00,Eli,Personal,15400.00,Online,North,Approved
L0436,Send offer,2025-04-19 22:56:00,Chen,Personal,15400.00,Online,North,Approved
L0436,Sign contract,2025-04-23 06:43:00,Ben,Personal,15400.00,Online,North,Approved
L0437,Submit application,2025-04-09 16:00:00,Dana,Mortgage,184300.00,Branch,West,Approved
L0437,Check completeness,2025-04-09 19:55:00,Chen,Mortgage,184300.00,Branch,West,Approved
L0437,Assess credit,2025-04-10 21:33:00,Farah,Mortgage,184300.00,Branch,West,Approved
L0437,Manual review,2025-04-13 05:32:00,Gil,Mortgage,184300.00,Branch,West,Approved
L0437,Approve application,2025-04-13 15:59:00,Farah,Mortgage,184300.00,Branch,West,Approved
L0437,Send offer,2025-04-13 23:19:00,Ben,Mortgage,184300.00,Branch,West,Approved
L0437,Sign contract,2025-04-17 10:08:00,Ana,Mortgage,184300.00,Branch,West,Approved
L0438,Submit application,2025-01-08 16:00:00,Portal,Mortgage,342800.00,Online,South,Approved
L0438,Check completeness,2025-01-09 03:03:00,Dana,Mortgage,342800.00,Online,South,Approved
L0438,Assess credit,2025-01-11 02:55:00,Eli,Mortgage,342800.00,Online,South,Approved
L0438,Manual review,2025-01-12 05:36:00,Gil,Mortgage,342800.00,Online,South,Approved
L0438,Approve application,2025-01-12 10:45:00,Eli,Mortgage,342800.00,Online,South,Approved
L0438,Send offer,2025-01-12 15:39:00,Ana,Mortgage,342800.00,Online,South,Approved
L0438,Sign contract,2025-01-19 05:46:00,Ben,Mortgage,342800.00,Online,South,Approved
L0439,Submit application,2025-06-16 08:00:00,Chen,Auto,17700.00,Branch,East,Approved
L0439,Check completeness,2025-06-16 15:41:00,Dana,Auto,17700.00,Branch,East,Approved
L0439,Assess credit,2025-06-16 19:54:00,Eli,Auto,17700.00,Branch,East,Approved
L0439,Approve application,2025-06-17 09:59:00,Eli,Auto,17700.00,Branch,East,Approved
L0439,Send offer,2025-06-17 13:41:00,Dana,Auto,17700.00,Branch,East,Approved
L0439,Sign contract,2025-06-21 17:12:00,Ana,Auto,17700.00,Branch,East,Approved
L0440,Submit application,2025-06-16 12:00:00,Dana,Personal,18600.00,Broker,South,Approved
L0440,Check completeness,2025-06-16 21:21:00,Ben,Personal,18600.00,Broker,South,Approved
L0440,Request documents,2025-06-17 00:20:00,Chen,Personal,18600.00,Broker,South,Approved
L0440,Receive documents,2025-06-20 03:56:00,Dana,Personal,18600.00,Broker,South,Approved
L0440,Assess credit,2025-06-21 15:08:00,Eli,Personal,18600.00,Broker,South,Approved
L0440,Approve application,2025-06-22 06:09:00,Farah,Personal,18600.00,Broker,South,Approved
L0440,Send offer,2025-06-22 13:36:00,Ben,Personal,18600.00,Broker,South,Approved
L0440,Sign contract,2025-06-26 21:21:00,Ben,Personal,18600.00,Broker,South,Approved
L0441,Submit application,2025-02-04 08:00:00,Portal,Mortgage,254400.00,Online,North,Rejected
L0441,Check completeness,2025-02-05 03:56:00,Ana,Mortgage,254400.00,Online,North,Rejected
L0441,Request documents,2025-02-05 05:21:00,Dana,Mortgage,254400.00,Online,North,Rejected
L0441,Receive documents,2025-02-13 10:16:00,Ben,Mortgage,254400.00,Online,North,Rejected
L0441,Request documents,2025-02-13 12:38:00,Chen,Mortgage,254400.00,Online,North,Rejected
L0441,Receive documents,2025-02-22 12:54:00,Dana,Mortgage,254400.00,Online,North,Rejected
L0441,Assess credit,2025-02-22 22:50:00,Farah,Mortgage,254400.00,Online,North,Rejected
L0441,Manual review,2025-02-25 16:06:00,Gil,Mortgage,254400.00,Online,North,Rejected
L0441,Reject application,2025-02-26 19:09:00,Eli,Mortgage,254400.00,Online,North,Rejected
L0442,Submit application,2025-05-10 13:00:00,Portal,Personal,15200.00,Online,East,Approved
L0442,Check completeness,2025-05-11 04:09:00,Ben,Personal,15200.00,Online,East,Approved
L0442,Assess credit,2025-05-12 06:10:00,Farah,Personal,15200.00,Online,East,Approved
L0442,Approve application,2025-05-13 00:03:00,Eli,Personal,15200.00,Online,East,Approved
L0442,Send offer,2025-05-13 01:19:00,Dana,Personal,15200.00,Online,East,Approved
L0442,Sign contract,2025-05-19 00:17:00,Dana,Personal,15200.00,Online,East,Approved
L0443,Submit application,2025-03-19 15:00:00,Ana,Auto,39700.00,Branch,North,Approved
L0443,Check completeness,2025-03-20 12:06:00,Ben,Auto,39700.00,Branch,North,Approved
L0443,Request documents,2025-03-20 13:31:00,Dana,Auto,39700.00,Branch,North,Approved
L0443,Receive documents,2025-03-21 17:36:00,Ana,Auto,39700.00,Branch,North,Approved
L0443,Assess credit,2025-03-23 09:05:00,Eli,Auto,39700.00,Branch,North,Approved
L0443,Approve application,2025-03-24 02:48:00,Farah,Auto,39700.00,Branch,North,Approved
L0443,Send offer,2025-03-24 08:30:00,Ben,Auto,39700.00,Branch,North,Approved
L0443,Sign contract,2025-03-25 18:16:00,Ana,Auto,39700.00,Branch,North,Approved
L0444,Submit application,2025-02-16 11:00:00,Chen,Personal,6900.00,Branch,West,Approved
L0444,Check completeness,2025-02-17 04:56:00,Ben,Personal,6900.00,Branch,West,Approved
L0444,Assess credit,2025-02-17 21:12:00,Farah,Personal,6900.00,Branch,West,Approved
L0444,Approve application,2025-02-18 01:16:00,Farah,Personal,6900.00,Branch,West,Approved
L0444,Send offer,2025-02-18 08:11:00,Dana,Personal,6900.00,Branch,West,Approved
L0444,Sign contract,2025-02-20 07:10:00,Dana,Personal,6900.00,Branch,West,Approved
L0445,Submit application,2025-04-23 09:00:00,Chen,Mortgage,257400.00,Branch,West,Rejected
L0445,Check completeness,2025-04-23 11:54:00,Ben,Mortgage,257400.00,Branch,West,Rejected
L0445,Request documents,2025-04-23 15:24:00,Chen,Mortgage,257400.00,Branch,West,Rejected
L0445,Receive documents,2025-04-30 23:16:00,Dana,Mortgage,257400.00,Branch,West,Rejected
L0445,Assess credit,2025-05-02 19:07:00,Eli,Mortgage,257400.00,Branch,West,Rejected
L0445,Manual review,2025-05-04 12:00:00,Gil,Mortgage,257400.00,Branch,West,Rejected
L0445,Reject application,2025-05-05 09:44:00,Eli,Mortgage,257400.00,Branch,West,Rejected
L0446,Submit application,2025-06-07 15:00:00,Portal,Personal,4000.00,Online,West,Approved
L0446,Check completeness,2025-06-07 19:30:00,Ben,Personal,4000.00,Online,West,Approved
L0446,Assess credit,2025-06-08 19:14:00,Farah,Personal,4000.00,Online,West,Approved
L0446,Approve application,2025-06-09 07:03:00,Eli,Personal,4000.00,Online,West,Approved
L0446,Send offer,2025-06-09 14:36:00,Chen,Personal,4000.00,Online,West,Approved
L0446,Sign contract,2025-06-12 10:27:00,Dana,Personal,4000.00,Online,West,Approved
L0447,Submit application,2025-05-11 14:00:00,Chen,Business,124000.00,Branch,South,Approved
L0447,Check completeness,2025-05-12 13:26:00,Ben,Business,124000.00,Branch,South,Approved
L0447,Assess credit,2025-05-13 17:57:00,Eli,Business,124000.00,Branch,South,Approved
L0447,Manual review,2025-05-15 12:24:00,Gil,Business,124000.00,Branch,South,Approved
L0447,Approve application,2025-05-16 10:52:00,Eli,Business,124000.00,Branch,South,Approved
L0447,Send offer,2025-05-16 18:50:00,Ben,Business,124000.00,Branch,South,Approved
L0447,Sign contract,2025-05-22 00:22:00,Ben,Business,124000.00,Branch,South,Approved
L0448,Submit application,2025-04-16 13:00:00,Portal,Personal,2500.00,Online,West,Rejected
L0448,Check completeness,2025-04-16 23:43:00,Ben,Personal,2500.00,Online,West,Rejected
L0448,Request documents,2025-04-17 00:52:00,Dana,Personal,2500.00,Online,West,Rejected
L0448,Receive documents,2025-04-24 16:27:00,Ana,Personal,2500.00,Online,West,Rejected
L0448,Assess credit,2025-04-25 00:08:00,Eli,Personal,2500.00,Online,West,Rejected
L0448,Reject application,2025-04-26 18:41:00,Farah,Personal,2500.00,Online,West,Rejected
L0449,Submit application,2025-04-20 11:00:00,Ben,Personal,9900.00,Branch,North,Rejected
L0449,Check completeness,2025-04-20 21:28:00,Chen,Personal,9900.00,Branch,North,Rejected
L0449,Request documents,2025-04-20 23:55:00,Dana,Personal,9900.00,Branch,North,Rejected
L0449,Receive documents,2025-04-29 09:51:00,Chen,Personal,9900.00,Branch,North,Rejected
L0449,Assess credit,2025-04-30 05:10:00,Eli,Personal,9900.00,Branch,North,Rejected
L0449,Reject application,2025-05-01 10:49:00,Farah,Personal,9900.00,Branch,North,Rejected
L0450,Submit application,2025-06-23 12:00:00,Ana,Personal,6800.00,Broker,West,Approved
L0450,Check completeness,2025-06-24 09:41:00,Chen,Personal,6800.00,Broker,West,Approved
L0450,Assess credit,2025-06-26 00:46:00,Eli,Personal,6800.00,Broker,West,Approved
L0450,Approve application,2025-06-26 05:00:00,Eli,Personal,6800.00,Broker,West,Approved
L0450,Send offer,2025-06-26 07:16:00,Dana,Personal,6800.00,Broker,West,Approved
L0450,Sign contract,2025-07-02 21:45:00,Dana,Personal,6800.00,Broker,West,Approved
L0451,Submit application,2025-02-16 14:00:00,Portal,Auto,32200.00,Online,West,Approved
L0451,Check completeness,2025-02-17 10:31:00,Dana,Auto,32200.00,Online,West,Approved
L0451,Request documents,2025-02-17 13:33:00,Ben,Auto,32200.00,Online,West,Approved
L0451,Receive documents,2025-02-20 02:43:00,Chen,Auto,32200.00,Online,West,Approved
L0451,Assess credit,2025-02-21 23:58:00,Farah,Auto,32200.00,Online,West,Approved
L0451,Approve application,2025-02-22 17:03:00,Farah,Auto,32200.00,Online,West,Approved
L0451,Send offer,2025-02-22 22:12:00,Chen,Auto,32200.00,Online,West,Approved
L0451,Sign contract,2025-02-28 19:16:00,Ana,Auto,32200.00,Online,West,Approved
L0452,Submit application,2025-06-01 11:00:00,Portal,Mortgage,331800.00,Online,East,Approved
L0452,Check completeness,2025-06-01 20:53:00,Chen,Mortgage,331800.00,Online,East,Approved
L0452,Assess credit,2025-06-03 01:46:00,Farah,Mortgage,331800.00,Online,East,Approved
L0452,Manual review,2025-06-04 20:12:00,Gil,Mortgage,331800.00,Online,East,Approved
L0452,Approve application,2025-06-05 06:38:00,Eli,Mortgage,331800.00,Online,East,Approved
L0452,Send offer,2025-06-05 12:50:00,Dana,Mortgage,331800.00,Online,East,Approved
L0452,Sign contract,2025-06-10 15:50:00,Ben,Mortgage,331800.00,Online,East,Approved
L0453,Submit application,2025-03-02 09:00:00,Chen,Personal,15600.00,Branch,North,Rejected
L0453,Check completeness,2025-03-03 00:08:00,Chen,Personal,15600.00,Branch,North,Rejected
L0453,Assess credit,2025-03-04 22:53:00,Farah,Personal,15600.00,Branch,North,Rejected
L0453,Reject application,2025-03-05 15:55:00,Eli,Personal,15600.00,Branch,North,Rejected
L0454,Submit application,2025-03-09 16:00:00,Ben,Personal,14700.00,Broker,East,Rejected
L0454,Check completeness,2025-03-10 01:51:00,Ben,Personal,14700.00,Broker,East,Rejected
L0454,Assess credit,2025-03-10 07:20:00,Eli,Personal,14700.00,Broker,East,Rejected
L0454,Reject application,2025-03-12 00:41:00,Farah,Personal,14700.00,Broker,East,Rejected
L0455,Submit application,2025-05-23 08:00:00,Ben,Auto,28400.00,Branch,North,Approved
L0455,Check completeness,2025-05-23 22:03:00,Ana,Auto,28400.00,Branch,North,Approved
L0455,Request documents,2025-05-23 23:12:00,Ana,Auto,28400.00,Branch,North,Approved
L0455,Receive documents,2025-05-25 15:48:00,Dana,Auto,28400.00,Branch,North,Approved
L0455,Assess credit,2025-05-26 21:52:00,Farah,Auto,28400.00,Branch,North,Approved
L0455,Approve application,2025-05-27 15:30:00,Eli,Auto,28400.00,Branch,North,Approved
L0455,Send offer,2025-05-27 20:25:00,Chen,Auto,28400.00,Branch,North,Approved
L0455,Sign contract,2025-06-03 10:22:00,Chen,Auto,28400.00,Branch,North,Approved
L0456,Submit application,2025-04-09 09:00:00,Ben,Personal,15500.00,Broker,North,Rejected
L0456,Check completeness,2025-04-10 01:08:00,Ana,Personal,15500.00,Broker,North,Rejected
L0456,Request documents,2025-04-10 04:12:00,Ana,Personal,15500.00,Broker,North,Rejected
L0456,Receive documents,2025-04-17 15:08:00,Chen,Personal,15500.00,Broker,North,Rejected
L0456,Request documents,2025-04-17 20:29:00,Ana,Personal,15500.00,Broker,North,Rejected
L0456,Receive documents,2025-04-21 23:35:00,Chen,Personal,15500.00,Broker,North,Rejected
L0456,Request documents,2025-04-22 01:59:00,Ana,Personal,15500.00,Broker,North,Rejected
L0456,Receive documents,2025-04-27 22:54:00,Ana,Personal,15500.00,Broker,North,Rejected
L0456,Assess credit,2025-04-29 19:00:00,Farah,Personal,15500.00,Broker,North,Rejected
L0456,Reject application,2025-05-01 00:06:00,Farah,Personal,15500.00,Broker,North,Rejected
L0457,Submit application,2025-02-23 08:00:00,Portal,Mortgage,217800.00,Online,East,Approved
L0457,Check completeness,2025-02-24 04:37:00,Ben,Mortgage,217800.00,Online,East,Approved
L0457,Assess credit,2025-02-24 21:18:00,Farah,Mortgage,217800.00,Online,East,Approved
L0457,Manual review,2025-02-26 21:48:00,Gil,Mortgage,217800.00,Online,East,Approved
L0457,Approve application,2025-02-27 14:13:00,Farah,Mortgage,217800.00,Online,East,Approved
L0457,Send offer,2025-02-27 17:57:00,Chen,Mortgage,217800.00,Online,East,Approved
L0457,Sign contract,2025-03-05 12:09:00,Chen,Mortgage,217800.00,Online,East,Approved
L0458,Submit application,2025-02-12 16:00:00,Portal,Personal,16900.00,Online,East,Approved
L0458,Check completeness,2025-02-13 04:50:00,Chen,Personal,16900.00,Online,East,Approved
L0458,Request documents,2025-02-13 06:07:00,Ben,Personal,16900.00,Online,East,Approved
L0458,Receive documents,2025-02-17 02:38:00,Dana,Personal,16900.00,Online,East,Approved
L0458,Assess credit,2025-02-17 13:29:00,Farah,Personal,16900.00,Online,East,Approved
L0458,Approve application,2025-02-18 04:10:00,Eli,Personal,16900.00,Online,East,Approved
L0458,Send offer,2025-02-18 08:19:00,Chen,Personal,16900.00,Online,East,Approved
L0458,Sign contract,2025-02-24 13:41:00,Chen,Personal,16900.00,Online,East,Approved
L0459,Submit application,2025-03-19 14:00:00,Ben,Auto,32300.00,Broker,West,Approved
L0459,Check completeness,2025-03-20 01:29:00,Ben,Auto,32300.00,Broker,West,Approved
L0459,Assess credit,2025-03-20 15:20:00,Farah,Auto,32300.00,Broker,West,Approved
L0459,Approve application,2025-03-21 03:26:00,Farah,Auto,32300.00,Broker,West,Approved
L0459,Send offer,2025-03-21 09:14:00,Chen,Auto,32300.00,Broker,West,Approved
L0459,Sign contract,2025-03-27 19:40:00,Ben,Auto,32300.00,Broker,West,Approved
L0460,Submit application,2025-05-22 11:00:00,Portal,Auto,11400.00,Online,West,Approved
L0460,Check completeness,2025-05-22 15:23:00,Chen,Auto,11400.00,Online,West,Approved
L0460,Assess credit,2025-05-23 14:26:00,Farah,Auto,11400.00,Online,West,Approved
L0460,Approve application,2025-05-24 10:38:00,Farah,Auto,11400.00,Online,West,Approved
L0460,Send offer,2025-05-24 11:55:00,Chen,Auto,11400.00,Online,West,Approved
L0460,Sign contract,2025-05-30 16:53:00,Ana,Auto,11400.00,Online,West,Approved
L0461,Submit application,2025-03-30 16:00:00,Portal,Personal,2500.00,Online,East,Approved
L0461,Check completeness,2025-03-31 12:22:00,Dana,Personal,2500.00,Online,East,Approved
L0461,Assess credit,2025-04-01 07:11:00,Eli,Personal,2500.00,Online,East,Approved
L0461,Approve application,2025-04-02 03:31:00,Eli,Personal,2500.00,Online,East,Approved
L0461,Send offer,2025-04-02 06:44:00,Ben,Personal,2500.00,Online,East,Approved
L0461,Sign contract,2025-04-07 08:59:00,Chen,Personal,2500.00,Online,East,Approved
L0462,Submit application,2025-04-02 10:00:00,Portal,Personal,11000.00,Online,South,Approved
L0462,Check completeness,2025-04-02 14:19:00,Chen,Personal,11000.00,Online,South,Approved
L0462,Request documents,2025-04-02 19:49:00,Dana,Personal,11000.00,Online,South,Approved
L0462,Receive documents,2025-04-06 05:08:00,Chen,Personal,11000.00,Online,South,Approved
L0462,Assess credit,2025-04-07 10:50:00,Farah,Personal,11000.00,Online,South,Approved
L0462,Approve application,2025-04-07 23:25:00,Farah,Personal,11000.00,Online,South,Approved
L0462,Send offer,2025-04-08 01:43:00,Ana,Personal,11000.00,Online,South,Approved
L0462,Sign contract,2025-04-14 15:07:00,Ben,Personal,11000.00,Online,South,Approved
L0463,Submit application,2025-02-25 10:00:00,Dana,Personal,16500.00,Broker,West,Approved
L0463,Check completeness,2025-02-25 22:08:00,Chen,Personal,16500.00,Broker,West,Approved
L0463,Assess credit,2025-02-26 19:46:00,Eli,Personal,16500.00,Broker,West,Approved
L0463,Approve application,2025-02-27 07:18:00,Farah,Personal,16500.00,Broker,West,Approved
L0463,Send offer,2025-02-27 12:12:00,Ana,Personal,16500.00,Broker,West,Approved
L0463,Sign contract,2025-03-03 11:24:00,Ana,Personal,16500.00,Broker,West,Approved
L0464,Submit application,2025-03-16 11:00:00,Portal,Mortgage,375100.00,Online,North,Approved
L0464,Check completeness,2025-03-17 06:36:00,Dana,Mortgage,375100.00,Online,North,Approved
L0464,Request documents,2025-03-17 11:59:00,Chen,Mortgage,375100.00,Online,North,Approved
L0464,Receive documents,2025-03-19 15:00:00,Ben,Mortgage,375100.00,Online,North,Approved
L0464,Assess credit,2025-03-20 20:39:00,Farah,Mortgage,375100.00,Online,North,Approved
L0464,Manual review,2025-03-22 04:25:00,Gil,Mortgage,375100.00,Online,North,Approved
L0464,Approve application,2025-03-22 18:53:00,Eli,Mortgage,375100.00,Online,North,Approved
L0464,Send offer,2025-03-22 23:31:00,Ana,Mortgage,375100.00,Online,North,Approved
L0464,Sign contract,2025-03-28 11:34:00,Dana,Mortgage,375100.00,Online,North,Approved
L0465,Submit application,2025-02-20 09:00:00,Dana,Auto,14000.00,Branch,West,Rejected
L0465,Check completeness,2025-02-20 23:50:00,Ana,Auto,14000.00,Branch,West,Rejected
L0465,Request documents,2025-02-21 02:38:00,Ben,Auto,14000.00,Branch,West,Rejected
L0465,Receive documents,2025-02-25 23:54:00,Ana,Auto,14000.00,Branch,West,Rejected
L0465,Assess credit,2025-02-26 20:26:00,Eli,Auto,14000.00,Branch,West,Rejected
L0465,Reject application,2025-02-28 06:59:00,Eli,Auto,14000.00,Branch,West,Rejected
L0466,Submit application,2025-06-24 11:00:00,Portal,Mortgage,157100.00,Online,North,Approved
L0466,Check completeness,2025-06-24 22:00:00,Dana,Mortgage,157100.00,Online,North,Approved
L0466,Request documents,2025-06-25 03:53:00,Dana,Mortgage,157100.00,Online,North,Approved
L0466,Receive documents,2025-06-28 04:38:00,Dana,Mortgage,157100.00,Online,North,Approved
L0466,Assess credit,2025-06-28 18:37:00,Farah,Mortgage,157100.00,Online,North,Approved
L0466,Manual review,2025-06-30 18:58:00,Gil,Mortgage,157100.00,Online,North,Approved
L0466,Approve application,2025-07-01 09:36:00,Eli,Mortgage,157100.00,Online,North,Approved
L0466,Send offer,2025-07-01 11:00:00,Ana,Mortgage,157100.00,Online,North,Approved
L0466,Sign contract,2025-07-06 00:08:00,Ana,Mortgage,157100.00,Online,North,Approved
L0467,Submit application,2025-01-25 09:00:00,Portal,Mortgage,244300.00,Online,East,Rejected
L0467,Check completeness,2025-01-25 22:23:00,Chen,Mortgage,244300.00,Online,East,Rejected
L0467,Request documents,2025-01-26 00:31:00,Ana,Mortgage,244300.00,Online,East,Rejected
L0467,Receive documents,2025-02-04 04:44:00,Dana,Mortgage,244300.00,Online,East,Rejected
L0467,Assess credit,2025-02-05 12:40:00,Farah,Mortgage,244300.00,Online,East,Rejected
L0467,Manual review,2025-02-07 11:51:00,Gil,Mortgage,244300.00,Online,East,Rejected
L0467,Reject application,2025-02-08 04:40:00,Eli,Mortgage,244300.00,Online,East,Rejected
L0468,Submit application,2025-06-17 16:00:00,Portal,Auto,10200.00,Online,North,Approved
L0468,Check completeness,2025-06-18 06:16:00,Ana,Auto,10200.00,Online,North,Approved
L0468,Assess credit,2025-06-18 19:52:00,Farah,Auto,10200.00,Online,North,Approved
L0468,Approve application,2025-06-19 04:07:00,Farah,Auto,10200.00,Online,North,Approved
L0468,Send offer,2025-06-19 11:58:00,Chen,Auto,10200.00,Online,North,Approved
L0468,Sign contract,2025-06-24 15:37:00,Ben,Auto,10200.00,Online,North,Approved
L0469,Submit application,2025-05-21 12:00:00,Ana,Personal,5200.00,Branch,East,Approved
L0469,Check completeness,2025-05-21 18:36:00,Ben,Personal,5200.00,Branch,East,Approved
L0469,Assess credit,2025-05-21 23:30:00,Eli,Personal,5200.00,Branch,East,Approved
L0469,Approve application,2025-05-22 12:24:00,Farah,Personal,5200.00,Branch,East,Approved
L0469,Send offer,2025-05-22 20:20:00,Ana,Personal,5200.00,Branch,East,Approved
L0469,Sign contract,2025-05-24 04:06:00,Ana,Personal,5200.00,Branch,East,Approved
L0470,Submit application,2025-02-25 11:00:00,Portal,Mortgage,380000.00,Online,West,Approved
L0470,Check completeness,2025-02-26 07:47:00,Chen,Mortgage,380000.00,Online,West,Approved
L0470,Assess credit,2025-02-27 19:09:00,Farah,Mortgage,380000.00,Online,West,Approved
L0470,Manual review,2025-03-02 08:47:00,Gil,Mortgage,380000.00,Online,West,Approved
L0470,Approve application,2025-03-02 14:16:00,Farah,Mortgage,380000.00,Online,West,Approved
L0470,Send offer,2025-03-02 17:25:00,Ben,Mortgage,380000.00,Online,West,Approved
L0470,Sign contract,2025-03-08 04:40:00,Ana,Mortgage,380000.00,Online,West,Approved
L0471,Submit application,2025-01-30 09:00:00,Portal,Mortgage,267100.00,Online,South,Approved
L0471,Check completeness,2025-01-31 02:11:00,Ana,Mortgage,267100.00,Online,South,Approved
L0471,Assess credit,2025-02-01 23:39:00,Eli,Mortgage,267100.00,Online,South,Approved
L0471,Manual review,2025-02-03 10:45:00,Gil,Mortgage,267100.00,Online,South,Approved
L0471,Approve application,2025-02-03 15:04:00,Eli,Mortgage,267100.00,Online,South,Approved
L0471,Send offer,2025-02-03 23:03:00,Ben,Mortgage,267100.00,Online,South,Approved
L0471,Sign contract,2025-02-10 05:25:00,Ben,Mortgage,267100.00,Online,South,Approved
L0472,Submit application,2025-05-13 08:00:00,Chen,Mortgage,88400.00,Broker,South,Rejected
L0472,Check completeness,2025-05-13 18:34:00,Dana,Mortgage,88400.00,Broker,South,Rejected
L0472,Request documents,2025-05-13 23:52:00,Ben,Mortgage,88400.00,Broker,South,Rejected
L0472,Receive documents,2025-05-17 00:30:00,Chen,Mortgage,88400.00,Broker,South,Rejected
L0472,Request documents,2025-05-17 05:32:00,Ana,Mortgage,88400.00,Broker,South,Rejected
L0472,Receive documents,2025-05-23 05:03:00,Ben,Mortgage,88400.00,Broker,South,Rejected
L0472,Assess credit,2025-05-24 15:44:00,Farah,Mortgage,88400.00,Broker,South,Rejected
L0472,Manual review,2025-05-26 01:53:00,Gil,Mortgage,88400.00,Broker,South,Rejected
L0472,Reject application,2025-05-26 06:32:00,Farah,Mortgage,88400.00,Broker,South,Rejected
L0473,Submit application,2025-03-08 13:00:00,Portal,Personal,13000.00,Online,South,Approved
L0473,Check completeness,2025-03-09 05:14:00,Chen,Personal,13000.00,Online,South,Approved
L0473,Request documents,2025-03-09 06:50:00,Dana,Personal,13000.00,Online,South,Approved
L0473,Receive documents,2025-03-11 16:08:00,Dana,Personal,13000.00,Online,South,Approved
L0473,Assess credit,2025-03-12 23:46:00,Eli,Personal,13000.00,Online,South,Approved
L0473,Approve application,2025-03-13 23:33:00,Eli,Personal,13000.00,Online,South,Approved
L0473,Send offer,2025-03-14 05:40:00,Chen,Personal,13000.00,Online,South,Approved
L0473,Sign contract,2025-03-18 15:13:00,Dana,Personal,13000.00,Online,South,Approved
L0474,Submit application,2025-06-24 16:00:00,Ana,Personal,3000.00,Branch,East,Approved
L0474,Check completeness,2025-06-25 04:22:00,Dana,Personal,3000.00,Branch,East,Approved
L0474,Assess credit,2025-06-26 02:51:00,Eli,Personal,3000.00,Branch,East,Approved
L0474,Approve application,2025-06-26 22:34:00,Farah,Personal,3000.00,Branch,East,Approved
L0474,Send offer,2025-06-27 05:33:00,Ben,Personal,3000.00,Branch,East,Approved
L0474,Sign contract,2025-06-29 07:16:00,Ben,Personal,3000.00,Branch,East,Approved
L0475,Submit application,2025-02-10 08:00:00,Portal,Auto,9800.00,Online,South,Approved
L0475,Check completeness,2025-02-10 17:34:00,Ben,Auto,9800.00,Online,South,Approved
L0475,Assess credit,2025-02-10 23:52:00,Farah,Auto,9800.00,Online,South,Approved
L0475,Approve application,2025-02-11 22:25:00,Eli,Auto,9800.00,Online,South,Approved
L0475,Send offer,2025-02-12 05:33:00,Ben,Auto,9800.00,Online,South,Approved
L0475,Sign contract,2025-02-15 19:24:00,Dana,Auto,9800.00,Online,South,Approved
L0476,Submit application,2025-05-21 14:00:00,Portal,Mortgage,141600.00,Online,North,Approved
L0476,Check completeness,2025-05-21 21:35:00,Ana,Mortgage,141600.00,Online,North,Approved
L0476,Request documents,2025-05-22 02:30:00,Dana,Mortgage,141600.00,Online,North,Approved
L0476,Receive documents,2025-05-25 05:17:00,Chen,Mortgage,141600.00,Online,North,Approved
L0476,Assess credit,2025-05-25 13:53:00,Eli,Mortgage,141600.00,Online,North,Approved
L0476,Manual review,2025-05-26 16:25:00,Gil,Mortgage,141600.00,Online,North,Approved
L0476,Approve application,2025-05-27 09:48:00,Farah,Mortgage,141600.00,Online,North,Approved
L0476,Send offer,2025-05-27 15:33:00,Ben,Mortgage,141600.00,Online,North,Approved
L0476,Sign contract,2025-06-01 03:48:00,Ben,Mortgage,141600.00,Online,North,Approved
L0477,Submit application,2025-05-24 15:00:00,Dana,Mortgage,84700.00,Broker,South,Approved
L0477,Check completeness,2025-05-25 08:36:00,Ana,Mortgage,84700.00,Broker,South,Approved
L0477,Assess credit,2025-05-26 12:55:00,Eli,Mortgage,84700.00,Broker,South,Approved
L0477,Manual review,2025-05-27 16:19:00,Gil,Mortgage,84700.00,Broker,South,Approved
L0477,Approve application,2025-05-27 23:39:00,Farah,Mortgage,84700.00,Broker,South,Approved
L0477,Send offer,2025-05-28 03:59:00,Chen,Mortgage,84700.00,Broker,South,Approved
L0477,Sign contract,2025-05-31 19:43:00,Dana,Mortgage,84700.00,Broker,South,Approved
L0478,Submit application,2025-02-24 10:00:00,Portal,Auto,30800.00,Online,East,Approved
L0478,Check completeness,2025-02-24 13:25:00,Ben,Auto,30800.00,Online,East,Approved
L0478,Assess credit,2025-02-25 09:04:00,Farah,Auto,30800.00,Online,East,Approved
L0478,Approve application,2025-02-25 15:26:00,Eli,Auto,30800.00,Online,East,Approved
L0478,Send offer,2025-02-25 16:28:00,Ben,Auto,30800.00,Online,East,Approved
L0478,Sign contract,2025-03-01 19:10:00,Dana,Auto,30800.00,Online,East,Approved
L0479,Submit application,2025-01-23 10:00:00,Portal,Personal,16300.00,Online,South,Approved
L0479,Check completeness,2025-01-24 09:49:00,Dana,Personal,16300.00,Online,South,Approved
L0479,Request documents,2025-01-24 15:03:00,Ben,Personal,16300.00,Online,South,Approved
L0479,Receive documents,2025-01-27 12:09:00,Chen,Personal,16300.00,Online,South,Approved
L0479,Assess credit,2025-01-27 16:59:00,Farah,Personal,16300.00,Online,South,Approved
L0479,Approve application,2025-01-28 07:46:00,Farah,Personal,16300.00,Online,South,Approved
L0479,Send offer,2025-01-28 13:08:00,Ana,Personal,16300.00,Online,South,Approved
L0479,Sign contract,2025-02-03 16:57:00,Ana,Personal,16300.00,Online,South,Approved
L0480,Submit application,2025-05-13 13:00:00,Dana,Auto,12000.00,Branch,East,Approved
L0480,Check completeness,2025-05-14 09:57:00,Ben,Auto,12000.00,Branch,East,Approved
L0480,Assess credit,2025-05-15 02:11:00,Eli,Auto,12000.00,Branch,East,Approved
L0480,Approve application,2025-05-15 18:07:00,Eli,Auto,12000.00,Branch,East,Approved
L0480,Send offer,2025-05-16 01:33:00,Ben,Auto,12000.00,Branch,East,Approved
L0480,Sign contract,2025-05-17 21:00:00,Chen,Auto,12000.00,Branch,East,Approved
L0481,Submit application,2025-04-01 13:00:00,Ben,Mortgage,159000.00,Branch,East,Approved
L0481,Check completeness,2025-04-01 17:41:00,Chen,Mortgage,159000.00,Branch,East,Approved
L0481,Request documents,2025-04-01 18:41:00,Ben,Mortgage,159000.00,Branch,East,Approved
L0481,Receive documents,2025-04-05 09:29:00,Ben,Mortgage,159000.00,Branch,East,Approved
L0481,Assess credit,2025-04-06 19:47:00,Eli,Mortgage,159000.00,Branch,East,Approved
L0481,Manual review,2025-04-09 02:56:00,Gil,Mortgage,159000.00,Branch,East,Approved
L0481,Approve application,2025-04-09 11:55:00,Eli,Mortgage,159000.00,Branch,East,Approved
L0481,Send offer,2025-04-09 18:11:00,Ben,Mortgage,159000.00,Branch,East,Approved
L0481,Sign contract,2025-04-13 01:39:00,Ana,Mortgage,159000.00,Branch,East,Approved
L0482,Submit application,2025-04-29 15:00:00,Ben,Personal,11200.00,Broker,West,Approved
L0482,Check completeness,2025-04-30 01:32:00,Ana,Personal,11200.00,Broker,West,Approved
L0482,Assess credit,2025-04-30 08:33:00,Farah,Personal,11200.00,Broker,West,Approved
L0482,Approve application,2025-04-30 21:04:00,Eli,Personal,11200.00,Broker,West,Approved
L0482,Send offer,2025-05-01 01:49:00,Chen,Personal,11200.00,Broker,West,Approved
L0482,Sign contract,2025-05-06 17:37:00,Dana,Personal,11200.00,Broker,West,Approved
L0483,Submit application,2025-02-11 08:00:00,Dana,Business,52600.00,Branch,West,Rejected
L0483,Check completeness,2025-02-11 18:34:00,Dana,Business,52600.00,Branch,West,Rejected
L0483,Request documents,2025-02-11 21:59:00,Ben,Business,52600.00,Branch,West,Rejected
L0483,Receive documents,2025-02-16 23:48:00,Dana,Business,52600.00,Branch,West,Rejected
L0483,Request documents,2025-02-17 03:20:00,Dana,Business,52600.00,Branch,West,Rejected
L0483,Receive documents,2025-02-22 18:37:00,Dana,Business,52600.00,Branch,West,Rejected
L0483,Assess credit,2025-02-23 23:29:00,Eli,Business,52600.00,Branch,West,Rejected
L0483,Manual review,2025-02-26 20:12:00,Gil,Business,52600.00,Branch,West,Rejected
L0483,Reject application,2025-02-27 16:28:00,Eli,Business,52600.00,Branch,West,Rejected
L0484,Submit application,2025-04-07 16:00:00,Chen,Auto,29900.00,Broker,West,Rejected
L0484,Check completeness,2025-04-07 22:51:00,Ben,Auto,29900.00,Broker,West,Rejected
L0484,Request documents,2025-04-08 04:39:00,Ben,Auto,29900.00,Broker,West,Rejected
L0484,Receive documents,2025-04-14 16:38:00,Dana,Auto,29900.00,Broker,West,Rejected
L0484,Assess credit,2025-04-15 01:26:00,Farah,Auto,29900.00,Broker,West,Rejected
L0484,Reject application,2025-04-16 21:14:00,Farah,Auto,29900.00,Broker,West,Rejected
L0485,Submit application,2025-06-29 16:00:00,Chen,Personal,16200.00,Broker,South,Approved
L0485,Check completeness,2025-06-29 22:07:00,Chen,Personal,16200.00,Broker,South,Approved
L0485,Assess credit,2025-07-01 02:21:00,Farah,Personal,16200.00,Broker,South,Approved
L0485,Approve application,2025-07-01 14:37:00,Eli,Personal,16200.00,Broker,South,Approved
L0485,Send offer,2025-07-01 20:07:00,Ana,Personal,16200.00,Broker,South,Approved
L0485,Sign contract,2025-07-03 01:38:00,Ben,Personal,16200.00,Broker,South,Approved
L0486,Submit application,2025-05-10 16:00:00,Portal,Mortgage,154400.00,Online,West,Approved
L0486,Check completeness,2025-05-11 06:52:00,Ana,Mortgage,154400.00,Online,West,Approved
L0486,Assess credit,2025-05-12 16:27:00,Eli,Mortgage,154400.00,Online,West,Approved
L0486,Manual review,2025-05-15 11:51:00,Gil,Mortgage,154400.00,Online,West,Approved
L0486,Approve application,2025-05-15 18:25:00,Farah,Mortgage,154400.00,Online,West,Approved
L0486,Send offer,2025-05-15 23:31:00,Chen,Mortgage,154400.00,Online,West,Approved
L0486,Sign contract,2025-05-17 17:06:00,Ana,Mortgage,154400.00,Online,West,Approved
L0487,Submit application,2025-02-27 09:00:00,Portal,Auto,16000.00,Online,West,Rejected
L0487,Check completeness,2025-02-28 02:46:00,Dana,Auto,16000.00,Online,West,Rejected
L0487,Request documents,2025-02-28 06:58:00,Ana,Auto,16000.00,Online,West,Rejected
L0487,Receive documents,2025-03-09 11:24:00,Dana,Auto,16000.00,Online,West,Rejected
L0487,Request documents,2025-03-09 16:35:00,Chen,Auto,16000.00,Online,West,Rejected
L0487,Receive documents,2025-03-16 12:02:00,Chen,Auto,16000.00,Online,West,Rejected
L0487,Assess credit,2025-03-17 11:32:00,Farah,Auto,16000.00,Online,West,Rejected
L0487,Reject application,2025-03-19 00:57:00,Farah,Auto,16000.00,Online,West,Rejected
L0488,Submit application,2025-06-08 10:00:00,Portal,Personal,11900.00,Online,South,Approved
L0488,Check completeness,2025-06-09 08:55:00,Ana,Personal,11900.00,Online,South,Approved
L0488,Assess credit,2025-06-11 07:44:00,Farah,Personal,11900.00,Online,South,Approved
L0488,Approve application,2025-06-12 05:01:00,Eli,Personal,11900.00,Online,South,Approved
L0488,Send offer,2025-06-12 10:21:00,Dana,Personal,11900.00,Online,South,Approved
L0488,Sign contract,2025-06-18 16:36:00,Dana,Personal,11900.00,Online,South,Approved
L0489,Submit application,2025-06-28 08:00:00,Portal,Auto,23400.00,Online,East,Approved
L0489,Check completeness,2025-06-28 15:23:00,Chen,Auto,23400.00,Online,East,Approved
L0489,Assess credit,2025-06-29 05:11:00,Farah,Auto,23400.00,Online,East,Approved
L0489,Approve application,2025-06-29 22:58:00,Farah,Auto,23400.00,Online,East,Approved
L0489,Send offer,2025-06-30 06:17:00,Chen,Auto,23400.00,Online,East,Approved
L0489,Sign contract,2025-07-05 18:01:00,Dana,Auto,23400.00,Online,East,Approved
L0490,Submit application,2025-05-20 12:00:00,Dana,Auto,21900.00,Branch,North,Approved
L0490,Check completeness,2025-05-21 03:07:00,Dana,Auto,21900.00,Branch,North,Approved
L0490,Assess credit,2025-05-22 00:27:00,Eli,Auto,21900.00,Branch,North,Approved
L0490,Approve application,2025-05-22 12:27:00,Eli,Auto,21900.00,Branch,North,Approved
L0490,Send offer,2025-05-22 16:02:00,Dana,Auto,21900.00,Branch,North,Approved
L0490,Sign contract,2025-05-24 05:29:00,Dana,Auto,21900.00,Branch,North,Approved
L0491,Submit application,2025-04-08 15:00:00,Portal,Personal,14800.00,Online,East,Approved
L0491,Check completeness,2025-04-08 17:13:00,Ana,Personal,14800.00,Online,East,Approved
L0491,Assess credit,2025-04-09 05:16:00,Farah,Personal,14800.00,Online,East,Approved
L0491,Approve application,2025-04-09 15:33:00,Eli,Personal,14800.00,Online,East,Approved
L0491,Send offer,2025-04-09 20:41:00,Chen,Personal,14800.00,Online,East,Approved
L0491,Sign contract,2025-04-15 14:36:00,Dana,Personal,14800.00,Online,East,Approved
L0492,Submit application,2025-03-24 10:00:00,Dana,Personal,11000.00,Branch,North,Approved
L0492,Check completeness,2025-03-25 01:33:00,Ben,Personal,11000.00,Branch,North,Approved
L0492,Assess credit,2025-03-25 19:13:00,Farah,Personal,11000.00,Branch,North,Approved
L0492,Approve application,2025-03-26 00:27:00,Farah,Personal,11000.00,Branch,North,Approved
L0492,Send offer,2025-03-26 03:26:00,Chen,Personal,11000.00,Branch,North,Approved
L0492,Sign contract,2025-03-29 08:55:00,Dana,Personal,11000.00,Branch,North,Approved
L0493,Submit application,2025-04-10 12:00:00,Chen,Personal,19700.00,Branch,North,Approved
L0493,Check completeness,2025-04-10 23:01:00,Ben,Personal,19700.00,Branch,North,Approved
L0493,Assess credit,2025-04-12 05:20:00,Eli,Personal,19700.00,Branch,North,Approved
L0493,Approve application,2025-04-12 14:25:00,Farah,Personal,19700.00,Branch,North,Approved
L0493,Send offer,2025-04-12 19:39:00,Chen,Personal,19700.00,Branch,North,Approved
L0493,Sign contract,2025-04-14 09:46:00,Ana,Personal,19700.00,Branch,North,Approved
L0494,Submit application,2025-01-24 14:00:00,Portal,Personal,19000.00,Online,East,Approved
L0494,Check completeness,2025-01-24 22:59:00,Dana,Personal,19000.00,Online,East,Approved
L0494,Assess credit,2025-01-25 11:03:00,Farah,Personal,19000.00,Online,East,Approved
L0494,Approve application,2025-01-26 08:01:00,Farah,Personal,19000.00,Online,East,Approved
L0494,Send offer,2025-01-26 13:26:00,Chen,Personal,19000.00,Online,East,Approved
L0494,Sign contract,2025-01-30 11:33:00,Ana,Personal,19000.00,Online,East,Approved
L0495,Submit application,2025-04-02 16:00:00,Portal,Personal,6600.00,Online,West,Approved
L0495,Check completeness,2025-04-03 08:14:00,Ana,Personal,6600.00,Online,West,Approved
L0495,Assess credit,2025-04-04 20:45:00,Eli,Personal,6600.00,Online,West,Approved
L0495,Approve application,2025-04-05 18:54:00,Farah,Personal,6600.00,Online,West,Approved
L0495,Send offer,2025-04-06 01:52:00,Chen,Personal,6600.00,Online,West,Approved
L0495,Sign contract,2025-04-08 16:34:00,Ana,Personal,6600.00,Online,West,Approved
L0496,Submit application,2025-02-24 13:00:00,Portal,Personal,2400.00,Online,East,Approved
L0496,Check completeness,2025-02-24 17:47:00,Dana,Personal,2400.00,Online,East,Approved
L0496,Request documents,2025-02-24 20:06:00,Ben,Personal,2400.00,Online,East,Approved
L0496,Receive documents,2025-02-26 06:01:00,Ben,Personal,2400.00,Online,East,Approved
L0496,Assess credit,2025-02-27 22:35:00,Eli,Personal,2400.00,Online,East,Approved
L0496,Approve application,2025-02-28 13:20:00,Eli,Personal,2400.00,Online,East,Approved
L0496,Send offer,2025-02-28 15:42:00,Chen,Personal,2400.00,Online,East,Approved
L0496,Sign contract,2025-03-03 03:24:00,Chen,Personal,2400.00,Online,East,Approved
L0497,Submit application,2025-06-12 15:00:00,Ben,Personal,12400.00,Branch,East,Approved
L0497,Check completeness,2025-06-13 02:14:00,Ben,Personal,12400.00,Branch,East,Approved
L0497,Assess credit,2025-06-13 23:27:00,Eli,Personal,12400.00,Branch,East,Approved
L0497,Approve application,2025-06-14 19:08:00,Eli,Personal,12400.00,Branch,East,Approved
L0497,Send offer,2025-06-15 00:54:00,Dana,Personal,12400.00,Branch,East,Approved
L0497,Sign contract,2025-06-18 00:52:00,Chen,Personal,12400.00,Branch,East,Approved
L0498,Submit application,2025-03-19 09:00:00,Portal,Personal,17500.00,Online,West,Approved
L0498,Check completeness,2025-03-19 19:19:00,Chen,Personal,17500.00,Online,West,Approved
L0498,Assess credit,2025-03-20 08:17:00,Farah,Personal,17500.00,Online,West,Approved
L0498,Approve application,2025-03-20 14:05:00,Farah,Personal,17500.00,Online,West,Approved
L0498,Send offer,2025-03-20 17:06:00,Dana,Personal,17500.00,Online,West,Approved
L0498,Sign contract,2025-03-23 05:52:00,Ben,Personal,17500.00,Online,West,Approved
L0499,Submit application,2025-04-15 15:00:00,Portal,Personal,8800.00,Online,East,Approved
L0499,Check completeness,2025-04-16 01:34:00,Dana,Personal,8800.00,Online,East,Approved
L0499,Assess credit,2025-04-16 13:46:00,Farah,Personal,8800.00,Online,East,Approved
L0499,Approve application,2025-04-16 18:38:00,Eli,Personal,8800.00,Online,East,Approved
L0499,Send offer,2025-04-17 00:58:00,Ben,Personal,8800.00,Online,East,Approved
L0499,Sign contract,2025-04-20 10:57:00,Ben,Personal,8800.00,Online,East,Approved
L0500,Submit application,2025-03-10 11:00:00,Ana,Personal,15200.00,Broker,East,Approved
L0500,Check completeness,2025-03-11 03:35:00,Chen,Personal,15200.00,Broker,East,Approved
L0500,Assess credit,2025-03-12 06:20:00,Farah,Personal,15200.00,Broker,East,Approved
L0500,Approve application,2025-03-12 20:27:00,Farah,Personal,15200.00,Broker,East,Approved
L0500,Send offer,2025-03-12 22:32:00,Ana,Personal,15200.00,Broker,East,Approved
L0500,Sign contract,2025-03-16 02:41:00,Ben,Personal,15200.00,Broker,East,Approved
